21,-3,cHE1hGXOk9RQBl6RSZ3zHMRqGDY=,8f2yLSFiieCtUfuc6RX6SR2LJQY=
21,-1,cHE1hGXOk9RQBl6RSZ3zHMRqGDY=,8f2yLSFiieCtUfuc6RX6SR2LJQY=
21,-2,cHE1hGXOk9RQBl6RSZ3zHMRqGDY=,ekbTuFe3cz7IlUyDhAIfV0EGALE=
20,-3,cHE1hGXOk9RQBl6RSZ3zHMRqGDY=,ekbTuFe3cz7IlUyDhAIfV0EGALE=
20,-2,cHE1hGXOk9RQBl6RSZ3zHMRqGDY=,42Z6IGiZsBxdm3QycvTf3HcaWKg=
20,-1,cHE1hGXOk9RQBl6RSZ3zHMRqGDY=,ekbTuFe3cz7IlUyDhAIfV0EGALE=
19,-1,cHE1hGXOk9RQBl6RSZ3zHMRqGDY=,8f2yLSFiieCtUfuc6RX6SR2LJQY=
19,-2,cHE1hGXOk9RQBl6RSZ3zHMRqGDY=,ekbTuFe3cz7IlUyDhAIfV0EGALE=
19,-3,cHE1hGXOk9RQBl6RSZ3zHMRqGDY=,8f2yLSFiieCtUfuc6RX6SR2LJQY=
17,-11,cHE1hGXOk9RQBl6RSZ3zHMRqGDY=,+SxifxJ67g32Pd7K6XA7+zVlrmo=
17,-10,cHE1hGXOk9RQBl6RSZ3zHMRqGDY=,QjYXfCHUkZo0X5Bkyp+B1jRScpU=
17,-12,cHE1hGXOk9RQBl6RSZ3zHMRqGDY=,OSp66t/BOzZc4w4XxiK/q7Ovn+I=
16,-12,cHE1hGXOk9RQBl6RSZ3zHMRqGDY=,QjYXfCHUkZo0X5Bkyp+B1jRScpU=
16,-11,cHE1hGXOk9RQBl6RSZ3zHMRqGDY=,QjYXfCHUkZo0X5Bkyp+B1jRScpU=
16,-10,cHE1hGXOk9RQBl6RSZ3zHMRqGDY=,QjYXfCHUkZo0X5Bkyp+B1jRScpU=
16,-9,cHE1hGXOk9RQBl6RSZ3zHMRqGDY=,OSp66t/BOzZc4w4XxiK/q7Ovn+I=
15,-7,cHE1hGXOk9RQBl6RSZ3zHMRqGDY=,OSp66t/BOzZc4w4XxiK/q7Ovn+I=
15,-8,dkwxXOrqjVuLoZqLMJjR+B5068A=,QjYXfCHUkZo0X5Bkyp+B1jRScpU=
15,-9,dkwxXOrqjVuLoZqLMJjR+B5068A=,QjYXfCHUkZo0X5Bkyp+B1jRScpU=
15,-10,dkwxXOrqjVuLoZqLMJjR+B5068A=,QjYXfCHUkZo0X5Bkyp+B1jRScpU=
15,-11,dkwxXOrqjVuLoZqLMJjR+B5068A=,QjYXfCHUkZo0X5Bkyp+B1jRScpU=
14,-8,dkwxXOrqjVuLoZqLMJjR+B5068A=,QjYXfCHUkZo0X5Bkyp+B1jRScpU=
14,-7,dkwxXOrqjVuLoZqLMJjR+B5068A=,OSp66t/BOzZc4w4XxiK/q7Ovn+I=
14,-10,dkwxXOrqjVuLoZqLMJjR+B5068A=,QjYXfCHUkZo0X5Bkyp+B1jRScpU=
14,-9,dkwxXOrqjVuLoZqLMJjR+B5068A=,QjYXfCHUkZo0X5Bkyp+B1jRScpU=
14,-11,dkwxXOrqjVuLoZqLMJjR+B5068A=,OSp66t/BOzZc4w4XxiK/q7Ovn+I=
13,-8,dkwxXOrqjVuLoZqLMJjR+B5068A=,QjYXfCHUkZo0X5Bkyp+B1jRScpU=
13,-11,dkwxXOrqjVuLoZqLMJjR+B5068A=,QjYXfCHUkZo0X5Bkyp+B1jRScpU=
13,-9,dkwxXOrqjVuLoZqLMJjR+B5068A=,QjYXfCHUkZo0X5Bkyp+B1jRScpU=
13,-10,dkwxXOrqjVuLoZqLMJjR+B5068A=,QjYXfCHUkZo0X5Bkyp+B1jRScpU=
12,-8,dkwxXOrqjVuLoZqLMJjR+B5068A=,OSp66t/BOzZc4w4XxiK/q7Ovn+I=
12,-11,dkwxXOrqjVuLoZqLMJjR+B5068A=,OSp66t/BOzZc4w4XxiK/q7Ovn+I=
12,-10,dkwxXOrqjVuLoZqLMJjR+B5068A=,OSp66t/BOzZc4w4XxiK/q7Ovn+I=
12,-9,dkwxXOrqjVuLoZqLMJjR+B5068A=,OSp66t/BOzZc4w4XxiK/q7Ovn+I=
10,-11,dkwxXOrqjVuLoZqLMJjR+B5068A=,8oH1j9PZeJvItOTBfRa/oUUK5Xg=
9,-3,dkwxXOrqjVuLoZqLMJjR+B5068A=,OSp66t/BOzZc4w4XxiK/q7Ovn+I=
9,-1,dkwxXOrqjVuLoZqLMJjR+B5068A=,OSp66t/BOzZc4w4XxiK/q7Ovn+I=
9,-2,dkwxXOrqjVuLoZqLMJjR+B5068A=,OSp66t/BOzZc4w4XxiK/q7Ovn+I=
8,-3,yV2k3/klFsxfhjPT4LPDEPMZfCE=,sCcdmGa5yaLyaqin176BgqrLeI8=
8,-2,yV2k3/klFsxfhjPT4LPDEPMZfCE=,sCcdmGa5yaLyaqin176BgqrLeI8=
8,-1,yV2k3/klFsxfhjPT4LPDEPMZfCE=,sCcdmGa5yaLyaqin176BgqrLeI8=
7,-1,yV2k3/klFsxfhjPT4LPDEPMZfCE=,8Ym/Mc0Wy1kys+PrUusH+y++6Ps=
7,-2,yV2k3/klFsxfhjPT4LPDEPMZfCE=,8Ym/Mc0Wy1kys+PrUusH+y++6Ps=
7,-3,yV2k3/klFsxfhjPT4LPDEPMZfCE=,tB7L5cOYEpBX8LAYzqjg473I608=
6,-2,yV2k3/klFsxfhjPT4LPDEPMZfCE=,tB7L5cOYEpBX8LAYzqjg473I608=
6,-1,yV2k3/klFsxfhjPT4LPDEPMZfCE=,tB7L5cOYEpBX8LAYzqjg473I608=
6,-4,yV2k3/klFsxfhjPT4LPDEPMZfCE=,tB7L5cOYEpBX8LAYzqjg473I608=
6,-3,yV2k3/klFsxfhjPT4LPDEPMZfCE=,tB7L5cOYEpBX8LAYzqjg473I608=
5,-3,yV2k3/klFsxfhjPT4LPDEPMZfCE=,lpbMXlcnYRhg/AdVuPBnhKBHnBg=
5,-4,yV2k3/klFsxfhjPT4LPDEPMZfCE=,lpbMXlcnYRhg/AdVuPBnhKBHnBg=
5,-1,yV2k3/klFsxfhjPT4LPDEPMZfCE=,lpbMXlcnYRhg/AdVuPBnhKBHnBg=
5,-2,yV2k3/klFsxfhjPT4LPDEPMZfCE=,lpbMXlcnYRhg/AdVuPBnhKBHnBg=
5,-5,yV2k3/klFsxfhjPT4LPDEPMZfCE=,2mtLhTAwI6Uk7s+s/hc3aro1Wdc=
5,-6,/8iZLsx8zLc9Y+NQTPX0IQr9XrA=,2mtLhTAwI6Uk7s+s/hc3aro1Wdc=
4,-4,/8iZLsx8zLc9Y+NQTPX0IQr9XrA=,8y9S2DvCGosgpyhiT+JJf+iU5gA=
4,-3,/8iZLsx8zLc9Y+NQTPX0IQr9XrA=,8y9S2DvCGosgpyhiT+JJf+iU5gA=
4,-2,/8iZLsx8zLc9Y+NQTPX0IQr9XrA=,8y9S2DvCGosgpyhiT+JJf+iU5gA=
4,-1,/8iZLsx8zLc9Y+NQTPX0IQr9XrA=,8y9S2DvCGosgpyhiT+JJf+iU5gA=
3,-1,/8iZLsx8zLc9Y+NQTPX0IQr9XrA=,8y9S2DvCGosgpyhiT+JJf+iU5gA=
3,-2,/8iZLsx8zLc9Y+NQTPX0IQr9XrA=,8y9S2DvCGosgpyhiT+JJf+iU5gA=
3,-3,/8iZLsx8zLc9Y+NQTPX0IQr9XrA=,8y9S2DvCGosgpyhiT+JJf+iU5gA=
3,-4,/8iZLsx8zLc9Y+NQTPX0IQr9XrA=,8y9S2DvCGosgpyhiT+JJf+iU5gA=
3,-6,/8iZLsx8zLc9Y+NQTPX0IQr9XrA=,+fG8LnUtI5mjp8u56T0xKO2l9xE=
2,-9,/8iZLsx8zLc9Y+NQTPX0IQr9XrA=,+fG8LnUtI5mjp8u56T0xKO2l9xE=
2,-6,/8iZLsx8zLc9Y+NQTPX0IQr9XrA=,8y9S2DvCGosgpyhiT+JJf+iU5gA=
2,-8,/8iZLsx8zLc9Y+NQTPX0IQr9XrA=,8y9S2DvCGosgpyhiT+JJf+iU5gA=
2,-7,/8iZLsx8zLc9Y+NQTPX0IQr9XrA=,3PqgpC5Nf8IfjIysBsHi02VJgQI=
2,-2,/8iZLsx8zLc9Y+NQTPX0IQr9XrA=,8y9S2DvCGosgpyhiT+JJf+iU5gA=
2,-1,/8iZLsx8zLc9Y+NQTPX0IQr9XrA=,8y9S2DvCGosgpyhiT+JJf+iU5gA=
2,-4,/8iZLsx8zLc9Y+NQTPX0IQr9XrA=,3PqgpC5Nf8IfjIysBsHi02VJgQI=
2,-3,/8iZLsx8zLc9Y+NQTPX0IQr9XrA=,8y9S2DvCGosgpyhiT+JJf+iU5gA=
1,-9,/8iZLsx8zLc9Y+NQTPX0IQr9XrA=,o3BZe9Kiz3YQ6o94Sh+5DX0x5T8=
1,-7,/8iZLsx8zLc9Y+NQTPX0IQr9XrA=,o3BZe9Kiz3YQ6o94Sh+5DX0x5T8=
1,-8,/8iZLsx8zLc9Y+NQTPX0IQr9XrA=,+fG8LnUtI5mjp8u56T0xKO2l9xE=
1,-5,UiB/LlpOKxyvP9enWUUecaVP0Go=,NUpgnYrcsxj56VRuQGTLqya6dbQ=
1,-6,UiB/LlpOKxyvP9enWUUecaVP0Go=,HQbaC4iBePYMAhpaeo5Z7alJBqs=
1,-3,UiB/LlpOKxyvP9enWUUecaVP0Go=,UoazemjYUOdEWXZrrrQkm+X5otU=
1,-4,UiB/LlpOKxyvP9enWUUecaVP0Go=,HQbaC4iBePYMAhpaeo5Z7alJBqs=
1,-1,UiB/LlpOKxyvP9enWUUecaVP0Go=,UoazemjYUOdEWXZrrrQkm+X5otU=
1,-2,UiB/LlpOKxyvP9enWUUecaVP0Go=,UoazemjYUOdEWXZrrrQkm+X5otU=
0,-5,UiB/LlpOKxyvP9enWUUecaVP0Go=,HQbaC4iBePYMAhpaeo5Z7alJBqs=
0,-4,UiB/LlpOKxyvP9enWUUecaVP0Go=,UoazemjYUOdEWXZrrrQkm+X5otU=
0,-3,UiB/LlpOKxyvP9enWUUecaVP0Go=,UoazemjYUOdEWXZrrrQkm+X5otU=
0,-2,UiB/LlpOKxyvP9enWUUecaVP0Go=,UoazemjYUOdEWXZrrrQkm+X5otU=
0,-1,UiB/LlpOKxyvP9enWUUecaVP0Go=,UoazemjYUOdEWXZrrrQkm+X5otU=
0,-7,UiB/LlpOKxyvP9enWUUecaVP0Go=,/bJiYJfrKHRNtDb26hUPT+IaTho=
0,-6,UiB/LlpOKxyvP9enWUUecaVP0Go=,dURE0nUIUqcvPgE96wysOGt8P34=
