-21,19,zn7DX80eQgDBvd+Hhz3J643LmZE=,dXfSdWLdvc5iUG3eF+VfaqjApfc=
-21,18,zn7DX80eQgDBvd+Hhz3J643LmZE=,dXfSdWLdvc5iUG3eF+VfaqjApfc=
-21,22,zn7DX80eQgDBvd+Hhz3J643LmZE=,BqGm92kGLT9KE7S72SNm694dsFI=
-21,21,zn7DX80eQgDBvd+Hhz3J643LmZE=,5d5FZ7skw2lFLhm43C2U/kDM04s=
-21,20,zn7DX80eQgDBvd+Hhz3J643LmZE=,5a99DB9HxezLiJ8Ig6TkFhXaZ7M=
-20,20,zn7DX80eQgDBvd+Hhz3J643LmZE=,AQ44TJlgBY6MzpaJDT9pjaNC2e4=
-20,21,zn7DX80eQgDBvd+Hhz3J643LmZE=,dXfSdWLdvc5iUG3eF+VfaqjApfc=
-20,22,zn7DX80eQgDBvd+Hhz3J643LmZE=,8+nTY3VOxqd+dpCWA2EQosskc0w=
-20,18,zn7DX80eQgDBvd+Hhz3J643LmZE=,tj4oP4Y0sGO21zHDRu3K4t5pSB4=
-20,19,zn7DX80eQgDBvd+Hhz3J643LmZE=,jxGsVuUJAy2e6riO9LIziAEwrw0=
-19,21,zn7DX80eQgDBvd+Hhz3J643LmZE=,DAzZszeM6bKNyVg4CGuqfBwr+6Q=
-19,20,zn7DX80eQgDBvd+Hhz3J643LmZE=,7+tki5R44MJ1s3vkW8ibZ7hRMSU=
-19,22,zn7DX80eQgDBvd+Hhz3J643LmZE=,81nDVQxmKsPFmQ6Do8sJl8qCmaE=
-19,17,zn7DX80eQgDBvd+Hhz3J643LmZE=,1KuXUCjNUxzE72qE/otya0RLRj8=
-19,19,zn7DX80eQgDBvd+Hhz3J643LmZE=,P14S7c++lsaUm6Z7EynQfpgQgFA=
-19,18,zn7DX80eQgDBvd+Hhz3J643LmZE=,Mmv/8EeXY4Sy+lpxFUfg53kaOD0=
-18,22,zn7DX80eQgDBvd+Hhz3J643LmZE=,oXwyKQFs7X3edcaV5B2AkZ7ipvo=
-18,20,zn7DX80eQgDBvd+Hhz3J643LmZE=,rF1UhO7CsZYGSndeKM/oQA6ag0k=
-18,21,zn7DX80eQgDBvd+Hhz3J643LmZE=,83a4dlql9aNPw194Q+Sq+0rfKvU=
-18,18,zn7DX80eQgDBvd+Hhz3J643LmZE=,jh/y7zZDt0Qv8kIjNKnfJoA8HYY=
-18,19,zn7DX80eQgDBvd+Hhz3J643LmZE=,PGYck6JZimid1N/5A2mnvUQ1Auk=
-18,17,zn7DX80eQgDBvd+Hhz3J643LmZE=,6hCA3vMYqzduehXOXanWCkxVPcU=
-17,15,zn7DX80eQgDBvd+Hhz3J643LmZE=,zBaR+10TCKMobIrWg5pOkNWQo/w=
-17,14,zn7DX80eQgDBvd+Hhz3J643LmZE=,zBaR+10TCKMobIrWg5pOkNWQo/w=
-17,13,zn7DX80eQgDBvd+Hhz3J643LmZE=,zBaR+10TCKMobIrWg5pOkNWQo/w=
-17,12,zn7DX80eQgDBvd+Hhz3J643LmZE=,zBaR+10TCKMobIrWg5pOkNWQo/w=
-17,11,n8ppoiRcne31KCf4byGo54xu2K8=,zBaR+10TCKMobIrWg5pOkNWQo/w=
-17,10,n8ppoiRcne31KCf4byGo54xu2K8=,zBaR+10TCKMobIrWg5pOkNWQo/w=
-17,0,n8ppoiRcne31KCf4byGo54xu2K8=,zBaR+10TCKMobIrWg5pOkNWQo/w=
-17,23,n8ppoiRcne31KCf4byGo54xu2K8=,kClAXku0l5s4E9+EpjqmLpJuaRM=
-17,22,n8ppoiRcne31KCf4byGo54xu2K8=,Ftm7ei7pE+pMnm4xdXhOw0xNXNc=
-17,21,n8ppoiRcne31KCf4byGo54xu2K8=,/+VVblAg9qXx8FvDxXF+EH0LRBM=
-17,20,n8ppoiRcne31KCf4byGo54xu2K8=,uqCgLolg5ye8vArZ2vp0cEZh9e8=
-17,19,n8ppoiRcne31KCf4byGo54xu2K8=,0VMSTbcxH7xg3z4n3D/ZBMqCCxs=
-17,18,n8ppoiRcne31KCf4byGo54xu2K8=,SefDW8W1k/wke3SCR/oFgl0BDl0=
-17,17,n8ppoiRcne31KCf4byGo54xu2K8=,1KuXUCjNUxzE72qE/otya0RLRj8=
-17,16,n8ppoiRcne31KCf4byGo54xu2K8=,1KuXUCjNUxzE72qE/otya0RLRj8=
-16,16,n8ppoiRcne31KCf4byGo54xu2K8=,jZsEiT1Roe+Mo9mbpWauJhitSu8=
-16,17,n8ppoiRcne31KCf4byGo54xu2K8=,uRh28aEB0jt1SagCPFz2xs/xd/s=
-16,18,n8ppoiRcne31KCf4byGo54xu2K8=,C6V7BFUiG6oFDRmuYIg9N42qla8=
-16,19,n8ppoiRcne31KCf4byGo54xu2K8=,+M6SbAuMh4bAvAu0j8Cu//2TQl0=
-16,20,n8ppoiRcne31KCf4byGo54xu2K8=,Gl6EklvUIh+sxQMjiBZ3fG/D9pA=
-16,21,n8ppoiRcne31KCf4byGo54xu2K8=,CJCQZ/V4huRwCCgnjeEFj8zU4P8=
-16,22,n8ppoiRcne31KCf4byGo54xu2K8=,B5uGS2SgwLk1EmkipdBJQDlHJgM=
-16,23,n8ppoiRcne31KCf4byGo54xu2K8=,P2gXeoLMRmgS7ZDQ9TEsammX5lU=
-16,0,n8ppoiRcne31KCf4byGo54xu2K8=,5CwqRQCVIgWI0zpn+X8IZ0JIlhY=
-16,9,n8ppoiRcne31KCf4byGo54xu2K8=,C0/ftWBi8d/51hn8j5tZqQV0HWQ=
-16,10,n8ppoiRcne31KCf4byGo54xu2K8=,C0/ftWBi8d/51hn8j5tZqQV0HWQ=
-16,11,n8ppoiRcne31KCf4byGo54xu2K8=,ln8Ir2144owPWgrdAgkbN2q6J1w=
-16,12,n8ppoiRcne31KCf4byGo54xu2K8=,FeciQyFXeoexQZY+Zh92e4GdPb4=
-16,13,n8ppoiRcne31KCf4byGo54xu2K8=,m+5+a5kVyYNtUVZ3iNznUe6sxqU=
-16,14,n8ppoiRcne31KCf4byGo54xu2K8=,Mk2ggiWQYLmrGjrS/QO8YfOogxw=
-16,15,n8ppoiRcne31KCf4byGo54xu2K8=,hUnVzqzRQ15hHEfNKEClzjuUaqI=
-15,17,n8ppoiRcne31KCf4byGo54xu2K8=,gH/u4EdWQlNcFsNEZUJJbMZDtzk=
-15,16,n8ppoiRcne31KCf4byGo54xu2K8=,ocrXC240XsJ4skSMD5W3OBax01U=
-15,19,n8ppoiRcne31KCf4byGo54xu2K8=,DaeqVwd3v07ZBqpfCMjdgUyP2+U=
-15,18,n8ppoiRcne31KCf4byGo54xu2K8=,9NVupjfGg3oBiiHS8az16fMBMgo=
-15,21,n8ppoiRcne31KCf4byGo54xu2K8=,SgoGw656jZ8I361mhEA4EiG4IYo=
-15,20,n8ppoiRcne31KCf4byGo54xu2K8=,6hD95ue7BmiA1IZIh2GSh01J/Uw=
-15,23,n8ppoiRcne31KCf4byGo54xu2K8=,B5uGS2SgwLk1EmkipdBJQDlHJgM=
-15,22,KgnR8bA2Q1XH0HYaTI8k+Fp3aLs=,wytZWbBNYjLRjtFyF7QHq1VIkqo=
-15,1,KgnR8bA2Q1XH0HYaTI8k+Fp3aLs=,5CwqRQCVIgWI0zpn+X8IZ0JIlhY=
-15,0,KgnR8bA2Q1XH0HYaTI8k+Fp3aLs=,5CwqRQCVIgWI0zpn+X8IZ0JIlhY=
-15,9,KgnR8bA2Q1XH0HYaTI8k+Fp3aLs=,P3F4THDf5V/hcs/g/KlBY1FWv7k=
-15,11,KgnR8bA2Q1XH0HYaTI8k+Fp3aLs=,L22bMa41WWQ9dikYdCDn7qdCIP4=
-15,10,KgnR8bA2Q1XH0HYaTI8k+Fp3aLs=,aJWLBaJzB8hB0DcPcMg0RM7JsgI=
-15,13,KgnR8bA2Q1XH0HYaTI8k+Fp3aLs=,LBGNd8GkGkpcYDSMMasw3eRbT7k=
-15,12,KgnR8bA2Q1XH0HYaTI8k+Fp3aLs=,eRSS8sQr7dK9smKBL7tLwZBraf4=
-15,15,KgnR8bA2Q1XH0HYaTI8k+Fp3aLs=,dnEtjEGlrXuwWV5al71dQJENsLY=
-15,14,KgnR8bA2Q1XH0HYaTI8k+Fp3aLs=,LBGNd8GkGkpcYDSMMasw3eRbT7k=
-14,18,KgnR8bA2Q1XH0HYaTI8k+Fp3aLs=,6HUrNuupiVSDAmq4KdnAJZAJFSs=
-14,19,KgnR8bA2Q1XH0HYaTI8k+Fp3aLs=,QG0H3kUZVmFTceQ/Rt8PJ9hOj7E=
-14,16,KgnR8bA2Q1XH0HYaTI8k+Fp3aLs=,zM4BvnRRAhRd3YtBxZgB4O1nlHE=
-14,17,KgnR8bA2Q1XH0HYaTI8k+Fp3aLs=,+QP5W1EUclmeUI3hR2heWw1nYg8=
-14,22,KgnR8bA2Q1XH0HYaTI8k+Fp3aLs=,pwv7ODaP7slsWQUovTU1nR6lRyY=
-14,23,KgnR8bA2Q1XH0HYaTI8k+Fp3aLs=,N3yMWdh7cVkbXeiIhopg49NEgEs=
-14,20,KgnR8bA2Q1XH0HYaTI8k+Fp3aLs=,/MafQ3syPToI9J4XkutyJpLXHjU=
-14,21,KgnR8bA2Q1XH0HYaTI8k+Fp3aLs=,szg5KzwINL4jOQBz9OWuS63kkzo=
-14,0,KgnR8bA2Q1XH0HYaTI8k+Fp3aLs=,5CwqRQCVIgWI0zpn+X8IZ0JIlhY=
-14,1,KgnR8bA2Q1XH0HYaTI8k+Fp3aLs=,5CwqRQCVIgWI0zpn+X8IZ0JIlhY=
-14,10,KgnR8bA2Q1XH0HYaTI8k+Fp3aLs=,F+pvhWNc/G2Vr+9Fsbbnr9uYpPE=
-14,11,KgnR8bA2Q1XH0HYaTI8k+Fp3aLs=,PUBUd4YaaZ/W5TjjbUBfxfcwdCs=
-14,9,KgnR8bA2Q1XH0HYaTI8k+Fp3aLs=,kFbVA+Sh2MYOqi1/32/j3sdvOCU=
-14,14,KgnR8bA2Q1XH0HYaTI8k+Fp3aLs=,rkXThX53OjupqSDNKmFOWMWagkQ=
-14,15,KgnR8bA2Q1XH0HYaTI8k+Fp3aLs=,X/UTQPBnF181A7oNRannFA1SDGE=
-14,12,KgnR8bA2Q1XH0HYaTI8k+Fp3aLs=,g51D8YMkXA46A6ufnTGm2NBoMzA=
-14,13,KgnR8bA2Q1XH0HYaTI8k+Fp3aLs=,xnFiS5XTOe3Jl1OOSJSTdXraPIU=
-13,19,KgnR8bA2Q1XH0HYaTI8k+Fp3aLs=,0Hk5EgwddrPCkiQ+M9Ae5AKOQLk=
-13,18,KgnR8bA2Q1XH0HYaTI8k+Fp3aLs=,Q54OKvKvI+luVgv/04nZC4O/LGo=
-13,17,KgnR8bA2Q1XH0HYaTI8k+Fp3aLs=,TJhDB6bAqzNP+BzuD4Rb5ev7R1A=
-13,16,KgnR8bA2Q1XH0HYaTI8k+Fp3aLs=,CgniwoKHi0WknCVHmaTiiKmBdiw=
-13,23,KgnR8bA2Q1XH0HYaTI8k+Fp3aLs=,e4aqITGu1mFrLYv4mZjOwHaTUdA=
-13,22,KgnR8bA2Q1XH0HYaTI8k+Fp3aLs=,uYxhT2fFWWRtIcjFmROxb9ptZyc=
-13,21,KgnR8bA2Q1XH0HYaTI8k+Fp3aLs=,81JZJdldoBOI+RebW0qDzmNE7Ck=
-13,20,KgnR8bA2Q1XH0HYaTI8k+Fp3aLs=,UeVObVluP+Mkjd0hDQR50qoVcgs=
-13,11,KgnR8bA2Q1XH0HYaTI8k+Fp3aLs=,6hvfh8Wa0UmJYwNaDYhDzTY8a0k=
-13,10,KgnR8bA2Q1XH0HYaTI8k+Fp3aLs=,rFHX15UgT8iLKJysswJ7tYx8ZmM=
-13,9,KgnR8bA2Q1XH0HYaTI8k+Fp3aLs=,8O7B10hp6Wtpo+McvnjIbFaRW+o=
-13,8,+7It6H44HbBDbBavuZkmZ8k1W8o=,j+RVpDTOLqLbvuNUaYvRvzYw9PE=
-13,15,+7It6H44HbBDbBavuZkmZ8k1W8o=,rV2rgi76pdOzEMnJH169J0lSwDw=
-13,14,+7It6H44HbBDbBavuZkmZ8k1W8o=,xhQlMirMMd4h5OEJBRe9OtCyUu8=
-13,13,+7It6H44HbBDbBavuZkmZ8k1W8o=,UGvJj407VUWRcNnYSqForXILKWk=
-13,12,+7It6H44HbBDbBavuZkmZ8k1W8o=,fkddJQqW9Qq7Nw/jOXfNZVoppP4=
-12,20,+7It6H44HbBDbBavuZkmZ8k1W8o=,Urf4EBiL5xh7DYGZCDsBceYCuUk=
-12,16,+7It6H44HbBDbBavuZkmZ8k1W8o=,w0WPC11+dAol/utvwTOO9NF1KnU=
-12,17,+7It6H44HbBDbBavuZkmZ8k1W8o=,/4gmp8MkIjnDkUZ/SJKR3XKsMnI=
-12,18,+7It6H44HbBDbBavuZkmZ8k1W8o=,T7REBuY1TjYgKeVzxAQgC78Jfzc=
-12,19,+7It6H44HbBDbBavuZkmZ8k1W8o=,uP2gGFGEx6NXc60c0/5PmDJCoEw=
-12,12,+7It6H44HbBDbBavuZkmZ8k1W8o=,TmMXPCL++G953KIoOkJkJhEnMms=
-12,13,+7It6H44HbBDbBavuZkmZ8k1W8o=,z7LGyaQC/AxL4t3Jn4GU6I64i8k=
-12,14,+7It6H44HbBDbBavuZkmZ8k1W8o=,le/6NU8LvS4UdEejQZ1kuOkrPdQ=
-12,15,+7It6H44HbBDbBavuZkmZ8k1W8o=,PeerMSBxuTDYFnXcNZ4Lr91slNQ=
-12,8,+7It6H44HbBDbBavuZkmZ8k1W8o=,RMgBFZdXK32m69jrFueUEmAkNsA=
-12,9,+7It6H44HbBDbBavuZkmZ8k1W8o=,TjQZ6DWILRjtIvVVKiv7/J4D1hE=
-12,10,+7It6H44HbBDbBavuZkmZ8k1W8o=,Jl9Gq1ZLkDpy4uj7uUvKe3tKxT0=
-12,11,+7It6H44HbBDbBavuZkmZ8k1W8o=,JAchFPJRVk+xsyjl08X5VPHn5SA=
-11,20,+7It6H44HbBDbBavuZkmZ8k1W8o=,huatQ+6VPyszRgqJa7SG0/h7/c0=
-11,17,+7It6H44HbBDbBavuZkmZ8k1W8o=,3kaqlu/vZAMFo5AXO/bzw4VgIFc=
-11,16,+7It6H44HbBDbBavuZkmZ8k1W8o=,jBy3RZ4qwWJMUDwDKBVvi16nMyU=
-11,19,+7It6H44HbBDbBavuZkmZ8k1W8o=,Z4CjDcQxgTrukA2K6YfG2vZObQk=
-11,18,+7It6H44HbBDbBavuZkmZ8k1W8o=,P2gXeoLMRmgS7ZDQ9TEsammX5lU=
-11,7,+7It6H44HbBDbBavuZkmZ8k1W8o=,5CwqRQCVIgWI0zpn+X8IZ0JIlhY=
-11,13,+7It6H44HbBDbBavuZkmZ8k1W8o=,6cnXsat5g/gMd1xzgQbhFvgh9Ys=
-11,12,+7It6H44HbBDbBavuZkmZ8k1W8o=,hc2P9w7Wgv2+r6IGFMqXA/TtPes=
-11,15,+7It6H44HbBDbBavuZkmZ8k1W8o=,98MJiuJi1J+gnv9wLiCi/WaINBM=
-11,14,+7It6H44HbBDbBavuZkmZ8k1W8o=,E22obqaH9ySqnkFTEuKcwf2gtPg=
-11,9,+7It6H44HbBDbBavuZkmZ8k1W8o=,Y/VI88Mrfm0n8ZylkgzSJ3rewY4=
-11,8,+7It6H44HbBDbBavuZkmZ8k1W8o=,toJnFh84J8jeKnrQoow+WFJ5gMY=
-11,11,+7It6H44HbBDbBavuZkmZ8k1W8o=,chPFzT/pYOa2gNkG612dL/BNhLs=
-11,10,+7It6H44HbBDbBavuZkmZ8k1W8o=,/A2zbadCbWkhYOKbjtA7Jc+UsgM=
-10,18,eLWfZwsAv7gfT1Wdu6Mr/P0DM6Q=,yuZPoNhsxj9oPkyj0xGaMXGGtJI=
-10,16,eLWfZwsAv7gfT1Wdu6Mr/P0DM6Q=,n16KAAqVc5bytc3RfeoIWp9nED4=
-10,17,eLWfZwsAv7gfT1Wdu6Mr/P0DM6Q=,bSjmAVztxLpoYvqLwyK8j5rlK64=
-10,7,eLWfZwsAv7gfT1Wdu6Mr/P0DM6Q=,uZXxLnXb/L5yvD/93KXF4ktQxzA=
-10,14,eLWfZwsAv7gfT1Wdu6Mr/P0DM6Q=,zM5ufl/9kLyusuVhv0cS3CtDRqM=
-10,15,eLWfZwsAv7gfT1Wdu6Mr/P0DM6Q=,tNvb5p92WsHGoGB6vzcgGRdGajM=
-10,12,eLWfZwsAv7gfT1Wdu6Mr/P0DM6Q=,m0lm9XDNDwSbdjrgwI83FhLtvko=
-10,13,eLWfZwsAv7gfT1Wdu6Mr/P0DM6Q=,gFiSYeJsybZzu5/g73mGShuLTrk=
-10,10,eLWfZwsAv7gfT1Wdu6Mr/P0DM6Q=,8SiBPMQ/PYgLOqi9GRI6PeolT+A=
-10,11,eLWfZwsAv7gfT1Wdu6Mr/P0DM6Q=,0VVnEfVutLtCliAngSjyeQMovz0=
-10,8,eLWfZwsAv7gfT1Wdu6Mr/P0DM6Q=,KfHTNQfvxSuRHwHmnlis0seg6Pk=
-10,9,eLWfZwsAv7gfT1Wdu6Mr/P0DM6Q=,El6fIgMfdyn1MeWKjkeSj3bVevM=
-9,18,eLWfZwsAv7gfT1Wdu6Mr/P0DM6Q=,Ve/SBKXdv/gMJ2lhIflboIvYFNA=
-9,17,eLWfZwsAv7gfT1Wdu6Mr/P0DM6Q=,UXrGYdBhhIwym/UjlATg4KTmk8U=
-9,16,eLWfZwsAv7gfT1Wdu6Mr/P0DM6Q=,w1BSSdi3zFkcXDS50wzdDUgTnhM=
-9,7,eLWfZwsAv7gfT1Wdu6Mr/P0DM6Q=,bTjoGfel9W+H3qZFkh06k1XjgLM=
-9,6,eLWfZwsAv7gfT1Wdu6Mr/P0DM6Q=,rU48ZrP7zG3Jnq09ie2z43YCTXA=
-9,0,eLWfZwsAv7gfT1Wdu6Mr/P0DM6Q=,4V+G78QT35/jve7p3fpkNs4fvjA=
-9,15,eLWfZwsAv7gfT1Wdu6Mr/P0DM6Q=,cSF5MimG30SdqXaVav5sOY1Rek8=
-9,14,eLWfZwsAv7gfT1Wdu6Mr/P0DM6Q=,wowu/lihsB4nVpEOfjZOGgDvzNg=
-9,11,eLWfZwsAv7gfT1Wdu6Mr/P0DM6Q=,axVUo7XIfu6cLMHvItLJX+U4U24=
-9,10,eLWfZwsAv7gfT1Wdu6Mr/P0DM6Q=,6akp1ZzJOnv/qN9JNp56CepEjt4=
-9,9,eLWfZwsAv7gfT1Wdu6Mr/P0DM6Q=,lOj4AHrcOJW4IkYUZNjkKvQGX9U=
-9,8,eLWfZwsAv7gfT1Wdu6Mr/P0DM6Q=,V0aG2DFksMm+UUrHODqTWFGQERo=
-8,8,TarWm4GDBQR49L97X3diP31xcEk=,gP+qMqiF7ZzHoRV+5w4E2cRc2Rk=
-8,9,TarWm4GDBQR49L97X3diP31xcEk=,CLxTAtDBjn5oA40EniuIJO8hhX4=
-8,10,TarWm4GDBQR49L97X3diP31xcEk=,B6kKKtrd5+uT7ElqbpmJhHYJUG4=
-8,0,TarWm4GDBQR49L97X3diP31xcEk=,LQsPvypurAlLkKxmzuVLzLpJU6A=
-8,1,TarWm4GDBQR49L97X3diP31xcEk=,Kc9uUr9gaK3dgKPzb9xU1+tkHUA=
-8,5,TarWm4GDBQR49L97X3diP31xcEk=,HU67a+Ga8zLxOktf3MVNzRc8hJ0=
-8,6,TarWm4GDBQR49L97X3diP31xcEk=,WP23FRORLEEJ4WNpgXYgJecKoSU=
-8,7,TarWm4GDBQR49L97X3diP31xcEk=,N3Q6kgl8b84Vn5nkMsEsos2H4gI=
-7,9,TarWm4GDBQR49L97X3diP31xcEk=,+Ery8bbJjfoE8xTcG0iDUEaKTLY=
-7,8,TarWm4GDBQR49L97X3diP31xcEk=,yKo4XEF1cobhuzeSDboTBRX066Q=
-7,11,TarWm4GDBQR49L97X3diP31xcEk=,5gQVRADAoOE51anUmf0xEiKpvBw=
-7,10,TarWm4GDBQR49L97X3diP31xcEk=,Xn6QtacJG5C17tqsoRBixWEp2lA=
-7,0,TarWm4GDBQR49L97X3diP31xcEk=,bdJX0PKSVwcFXKc/tyKifS4pBfo=
-7,5,TarWm4GDBQR49L97X3diP31xcEk=,lw0NnV16hA9aNIJZSRKTC8ffoxM=
-7,4,TarWm4GDBQR49L97X3diP31xcEk=,lw0NnV16hA9aNIJZSRKTC8ffoxM=
-7,7,TarWm4GDBQR49L97X3diP31xcEk=,ga+HjVEC3+wMp1r0sI6Ng3nYBZk=
-6,10,TarWm4GDBQR49L97X3diP31xcEk=,X+0OH8+pMgg+Ozwkpnf/HcP6+yw=
-6,11,TarWm4GDBQR49L97X3diP31xcEk=,PVjya/WAylMhBEgZG0KK3qf38F4=
-6,8,TarWm4GDBQR49L97X3diP31xcEk=,A26sIpI+jYPaHMv0bnbufJMqoPA=
-6,9,TarWm4GDBQR49L97X3diP31xcEk=,r8MF0SFhVUZdCJGMskbkxmya2Mo=
-6,3,TarWm4GDBQR49L97X3diP31xcEk=,uGF1i4E1irEZXdRTjXWgtaEfUqw=
-6,0,TarWm4GDBQR49L97X3diP31xcEk=,vpUTPzjkhtzz+MNe+sXwROYG56A=
-6,1,TarWm4GDBQR49L97X3diP31xcEk=,vpUTPzjkhtzz+MNe+sXwROYG56A=
-6,7,TarWm4GDBQR49L97X3diP31xcEk=,pq/MZzvsosQrGGu6e6mvQW1VAos=
-6,4,TarWm4GDBQR49L97X3diP31xcEk=,lw0NnV16hA9aNIJZSRKTC8ffoxM=
-6,5,TarWm4GDBQR49L97X3diP31xcEk=,lw0NnV16hA9aNIJZSRKTC8ffoxM=
-5,10,TarWm4GDBQR49L97X3diP31xcEk=,eQ4cV3YKU0ZUj9LHy5FhJHDXFdw=
-5,9,TarWm4GDBQR49L97X3diP31xcEk=,kbqw/AJiqpD9PEz0Ecc+nru69aw=
-5,8,TarWm4GDBQR49L97X3diP31xcEk=,I/5IqdHKGBxwPecYSEzkjDPW18w=
-5,3,TarWm4GDBQR49L97X3diP31xcEk=,M3Dgup+IzWyW5AGsZITpW6ni4KQ=
-5,2,TarWm4GDBQR49L97X3diP31xcEk=,c7Uzo5IWggyJcerkuiyNhAxUyS0=
-5,1,TarWm4GDBQR49L97X3diP31xcEk=,NnsNFftuiAyJdbeg2KCIYMBkxlM=
-5,0,MSrIlnTST9tRIAoKf+PXhsV9qSU=,l8Mk+ZPmvIBPhsMvI8j5P+B8kno=
-5,7,MSrIlnTST9tRIAoKf+PXhsV9qSU=,KvWr6cx/UYqv2Kye88ppt93I70E=
-5,6,MSrIlnTST9tRIAoKf+PXhsV9qSU=,GaTenA7D3aLBvQkFcbBGbPBepOI=
-5,5,MSrIlnTST9tRIAoKf+PXhsV9qSU=,5wwXwmmPRkPrH0tpnKe8DJBeodo=
-5,4,MSrIlnTST9tRIAoKf+PXhsV9qSU=,rr2n2Y2R8JaAtpXiejqay0KNKLg=
-4,24,MSrIlnTST9tRIAoKf+PXhsV9qSU=,cEzOUdT0tjAfAoyP8TZAOzUVIz4=
-4,20,MSrIlnTST9tRIAoKf+PXhsV9qSU=,QT2H6IXfn9/UH2Te2ymAe8VD/Zs=
-4,21,MSrIlnTST9tRIAoKf+PXhsV9qSU=,QT2H6IXfn9/UH2Te2ymAe8VD/Zs=
-4,22,MSrIlnTST9tRIAoKf+PXhsV9qSU=,QT2H6IXfn9/UH2Te2ymAe8VD/Zs=
-4,23,MSrIlnTST9tRIAoKf+PXhsV9qSU=,QT2H6IXfn9/UH2Te2ymAe8VD/Zs=
-4,16,MSrIlnTST9tRIAoKf+PXhsV9qSU=,QT2H6IXfn9/UH2Te2ymAe8VD/Zs=
-4,17,MSrIlnTST9tRIAoKf+PXhsV9qSU=,o6T4myrvHyiUv8OA9Jrr8FyHpRc=
-4,18,MSrIlnTST9tRIAoKf+PXhsV9qSU=,OwNahEqI8w7H53Yg7ZN4YZvvByg=
-4,19,MSrIlnTST9tRIAoKf+PXhsV9qSU=,aemnXC9E8wzz1cXMEhFX/Q1MGCY=
-4,13,MSrIlnTST9tRIAoKf+PXhsV9qSU=,2vCElaidG5n1VEJZwGPl3tgRn/8=
-4,14,MSrIlnTST9tRIAoKf+PXhsV9qSU=,ai27UPSzgLP7v+xogO8bddp+VfY=
-4,15,MSrIlnTST9tRIAoKf+PXhsV9qSU=,LuPu5MTItTQkRC3oaaN4ts5mpIY=
-4,8,MSrIlnTST9tRIAoKf+PXhsV9qSU=,I/5IqdHKGBxwPecYSEzkjDPW18w=
-4,9,MSrIlnTST9tRIAoKf+PXhsV9qSU=,ZBxAt/PHT+/oXgMfQIS4aRhiVoU=
-4,10,MSrIlnTST9tRIAoKf+PXhsV9qSU=,25es+ZuieIigm27W3n9L81oyaaI=
-4,4,MSrIlnTST9tRIAoKf+PXhsV9qSU=,4EMA5nThYdNCXDiq75pThFuG4aM=
-4,5,MSrIlnTST9tRIAoKf+PXhsV9qSU=,ob4Hi8XB32Rh5NO2Xn913qLccg0=
-4,6,MSrIlnTST9tRIAoKf+PXhsV9qSU=,tvXj7DWvhu4uYXvUAW6ZxGhKWq8=
-4,7,MSrIlnTST9tRIAoKf+PXhsV9qSU=,N2yhbCoJeZrMsuta2XQQn3vr2/M=
-4,0,MSrIlnTST9tRIAoKf+PXhsV9qSU=,4w0SDAh0Qcj8V7G3qkAzE/paZiQ=
-4,1,MSrIlnTST9tRIAoKf+PXhsV9qSU=,foNLGdhyg3bnAsCQeZEe4NZ0/2s=
-4,2,MSrIlnTST9tRIAoKf+PXhsV9qSU=,LliRb/aNDUDHasiyonwaC6Ex+w0=
-4,3,MM7BcHaeo3jJ/H26qh4iVt/0pgI=,5U6iz7cpDPRR9o0yJtsqNyqEAIA=
-3,13,MM7BcHaeo3jJ/H26qh4iVt/0pgI=,IR2WyHGJRwiwUIbBS1k2JnniPEc=
-3,12,MM7BcHaeo3jJ/H26qh4iVt/0pgI=,Ty2zNNvwRPtt/G3DPgXrZExB88Y=
-3,14,MM7BcHaeo3jJ/H26qh4iVt/0pgI=,sRk7d/oGF0yLu/J7P/UfPt/cKjA=
-3,9,MM7BcHaeo3jJ/H26qh4iVt/0pgI=,KtZzXm27eOnVVqvwUcY/trO6aWs=
-3,8,MM7BcHaeo3jJ/H26qh4iVt/0pgI=,vKkQf+dBhkqrphn+HiJQKkOSBBw=
-3,11,MM7BcHaeo3jJ/H26qh4iVt/0pgI=,ZsWCVV9qE08+cgrhYpuZqH6d6e0=
-3,10,MM7BcHaeo3jJ/H26qh4iVt/0pgI=,mCjvTV6JRQozAf7JlZ0F3ugR/dk=
-3,5,MM7BcHaeo3jJ/H26qh4iVt/0pgI=,Ei02sjaizQrOE8QgKu0XgYLKEy0=
-3,4,MM7BcHaeo3jJ/H26qh4iVt/0pgI=,dyRPdYviW4PV2yqrY1a4LH0mh8g=
-3,7,MM7BcHaeo3jJ/H26qh4iVt/0pgI=,267aJEhuCRALFCgOAXqJsK4lORE=
-3,6,MM7BcHaeo3jJ/H26qh4iVt/0pgI=,PDQ4m6I2if8n1EvLINXX8rmpjF4=
-3,1,MM7BcHaeo3jJ/H26qh4iVt/0pgI=,oekyPWmKFGKn1F5VjMv9jWluTmU=
-3,0,MM7BcHaeo3jJ/H26qh4iVt/0pgI=,8OvllXUMxRZmnix4S8G6tQvDPE0=
-3,3,MM7BcHaeo3jJ/H26qh4iVt/0pgI=,smQCJ4gD/wnCUkUJPXCs7EhAozs=
-3,2,MM7BcHaeo3jJ/H26qh4iVt/0pgI=,pei03Vup/LmvvEjVe0n8LRschrE=
-2,14,MM7BcHaeo3jJ/H26qh4iVt/0pgI=,5gQVRADAoOE51anUmf0xEiKpvBw=
-2,12,MM7BcHaeo3jJ/H26qh4iVt/0pgI=,htnc646C92fuAUcJTgSL321/0a8=
-2,13,MM7BcHaeo3jJ/H26qh4iVt/0pgI=,Xf9fnNkh6uvEqjDijIqMfTXLLVk=
-2,10,MM7BcHaeo3jJ/H26qh4iVt/0pgI=,cPZ/DWffYbZmcQJW0ILKVPfhEpY=
-2,11,MM7BcHaeo3jJ/H26qh4iVt/0pgI=,RS/ZoL8j0uRKZ76w4XI8FVBXF3o=
-2,8,MM7BcHaeo3jJ/H26qh4iVt/0pgI=,AIhdYGiCOcpQ4fAcX6eE/v7gIJc=
-2,9,MM7BcHaeo3jJ/H26qh4iVt/0pgI=,77xdh0qo1T2KOEOXD2E8uBh03BE=
-2,6,MM7BcHaeo3jJ/H26qh4iVt/0pgI=,q5ySej2Gy8P658+gbPbMxDxlCTE=
-2,7,MM7BcHaeo3jJ/H26qh4iVt/0pgI=,oViqQtRh2WHzcNJQ7gv/YPB6r30=
-2,4,MM7BcHaeo3jJ/H26qh4iVt/0pgI=,EqaFmuf1qB3Kl4Ig6pe/tkwpQ8E=
-2,5,MM7BcHaeo3jJ/H26qh4iVt/0pgI=,7uBisEh3w9+7y7QnISFQ8LPCf80=
-2,2,MM7BcHaeo3jJ/H26qh4iVt/0pgI=,DZ+CG4YQ7Q+0e0zdp5gShT+jkxw=
-2,3,Xye9TiLxxunYJVVguvBEi+CR1NE=,cx5eZ1pqXiy/9C7xHADJ6bExMh8=
-2,0,Xye9TiLxxunYJVVguvBEi+CR1NE=,2FGiFTRoBjMSwF2rpx8FlB5d42s=
-2,1,Xye9TiLxxunYJVVguvBEi+CR1NE=,+0/VMIyiuAzsHySSikVEqXRqLgc=
-1,14,Xye9TiLxxunYJVVguvBEi+CR1NE=,5gQVRADAoOE51anUmf0xEiKpvBw=
-1,13,Xye9TiLxxunYJVVguvBEi+CR1NE=,aBhJu/Rl8pnj5S4LYC7ZwpBZyxs=
-1,12,Xye9TiLxxunYJVVguvBEi+CR1NE=,2NZ+RvF5WmswxaR2QAJYmrm8btI=
-1,11,Xye9TiLxxunYJVVguvBEi+CR1NE=,7SR7aAwo5cTcyBEkrYMv7QzYM2A=
-1,10,Xye9TiLxxunYJVVguvBEi+CR1NE=,2ZJ3Rgl2JO3B7XJk9xJQbgJGGGc=
-1,9,Xye9TiLxxunYJVVguvBEi+CR1NE=,ZEYQ+M3hfR+lnbWQuyFneu7VBdQ=
-1,8,Xye9TiLxxunYJVVguvBEi+CR1NE=,omRQJfLJvM5uIC0ZEmmJa2XufOw=
-1,7,Xye9TiLxxunYJVVguvBEi+CR1NE=,NhArci9Xu4JIyWQSG43mT5Vddck=
-1,6,Xye9TiLxxunYJVVguvBEi+CR1NE=,sGH6UYTvGLAL6YSdsx2XHI6aTok=
-1,5,Xye9TiLxxunYJVVguvBEi+CR1NE=,jfCwqCHnY+nM8WBLAHKul7RTTYE=
-1,4,Xye9TiLxxunYJVVguvBEi+CR1NE=,FRgsMRdbmcaqs94SSNdyZVr/Dgg=
-1,3,Xye9TiLxxunYJVVguvBEi+CR1NE=,rvgMrd4DqDkcjTPYRXQPkHY1H4I=
-1,2,Xye9TiLxxunYJVVguvBEi+CR1NE=,8nyj6kvDboReSCKgUEvmGDf9z/0=
-1,1,Xye9TiLxxunYJVVguvBEi+CR1NE=,uozEzrfv7jZ8VbIoOIkjdax3ess=
-1,0,Xye9TiLxxunYJVVguvBEi+CR1NE=,58IhuAlVFyqvNl4lzyy9aUvRZk0=
