-1,-1,tOIzycvE3gPd1QFyAfZTKpINYWY=,T7C9IXWHSQdi/9gQVt3cw2z9Iq4=
-1,-2,tOIzycvE3gPd1QFyAfZTKpINYWY=,VaK58S+6/7gsdNfscsv0TJERxuQ=
-1,-3,tOIzycvE3gPd1QFyAfZTKpINYWY=,pOxdpwS0IPq/pvBQZWQviZFI8L0=
-1,-4,tOIzycvE3gPd1QFyAfZTKpINYWY=,NvgUpDziQ12uj7ulUbY0CR4jsrQ=
-1,-5,tOIzycvE3gPd1QFyAfZTKpINYWY=,bc8ATiA+6DlzKAKCEsbDqwH7GXU=
-1,-6,tOIzycvE3gPd1QFyAfZTKpINYWY=,4IJBnO68W9lpbG3A8DuXDxYBG4s=
-1,-7,tOIzycvE3gPd1QFyAfZTKpINYWY=,PaKQarmbRP4h1nVfdVvq1gU4qJs=
-1,-8,tOIzycvE3gPd1QFyAfZTKpINYWY=,0bRftCfJSJjBZAX8ooA+W+OHiVQ=
-1,-9,tOIzycvE3gPd1QFyAfZTKpINYWY=,NkLTUxjWwKhyTsaH3Jp4ctCnpWY=
-1,-10,tOIzycvE3gPd1QFyAfZTKpINYWY=,PZZjoq9UFM5dBK6a5PUJkY6Kja0=
-1,-11,tOIzycvE3gPd1QFyAfZTKpINYWY=,KqpjegEjvbVRASBW/w46rR3Ii9o=
-1,-12,BtP4EpiNQe8RYpSJeHul60ymS5I=,9F1vWSl0ym9g3o6YNzXExQAMA64=
-1,-13,BtP4EpiNQe8RYpSJeHul60ymS5I=,td4YWCzHb6P1G6UtrxeNksRd3GM=
-1,-14,BtP4EpiNQe8RYpSJeHul60ymS5I=,XuDpS8mV+Ldy7E2uRiBMdHnJ2Oo=
-2,-2,BtP4EpiNQe8RYpSJeHul60ymS5I=,Id4Pmo8ZiBT3ORaIHusEsgQAtFM=
-2,-1,BtP4EpiNQe8RYpSJeHul60ymS5I=,fA7NQMIrJ8ttBl0b73S7X2kT8E8=
-2,-4,BtP4EpiNQe8RYpSJeHul60ymS5I=,cmSbZSNGIb4fYa8L3d8iKID3IpY=
-2,-3,BtP4EpiNQe8RYpSJeHul60ymS5I=,m6zJFQ2DvyIC7LVcUq7onqdyd+o=
-2,-6,BtP4EpiNQe8RYpSJeHul60ymS5I=,GStL4ti/aTU2/0jbLFxSeuoTF68=
-2,-5,BtP4EpiNQe8RYpSJeHul60ymS5I=,Tm2DiqQDDqMD8z3/s1QDp12Frro=
-2,-8,BtP4EpiNQe8RYpSJeHul60ymS5I=,eDsHLZDaqY6ECPJ60pmz1QG3gGc=
-2,-7,BtP4EpiNQe8RYpSJeHul60ymS5I=,el7J9s8547h3OlY6egokAtziSKQ=
-2,-10,BtP4EpiNQe8RYpSJeHul60ymS5I=,jeVzQIO548EFYaMsTLZc0kICpCo=
-2,-9,BtP4EpiNQe8RYpSJeHul60ymS5I=,0VgAcdcls+dClWpdUHePxIJOBkU=
-2,-12,BtP4EpiNQe8RYpSJeHul60ymS5I=,hK+P5/aggzdPpCc1PxikMUMMAGA=
-2,-11,BtP4EpiNQe8RYpSJeHul60ymS5I=,6TcMlaO9s3bDv1nv3QsmpkpEgNI=
-2,-14,BtP4EpiNQe8RYpSJeHul60ymS5I=,Fpb6jxD5DEiceJbpr+woR0Iocbo=
-2,-13,BtP4EpiNQe8RYpSJeHul60ymS5I=,jWA0Ve5sVHFIKNqVomDZTNTVHnA=
-3,-3,BtP4EpiNQe8RYpSJeHul60ymS5I=,rQSX+WfeF6eV7zwhG0Dim4S37Wg=
-3,-4,BtP4EpiNQe8RYpSJeHul60ymS5I=,l+EaMJCzQ/IxRBmFa95TBiSIfbQ=
-3,-1,BtP4EpiNQe8RYpSJeHul60ymS5I=,wVr7FeeXSpStULpYXP5Kq8qQ3Hk=
-3,-2,BtP4EpiNQe8RYpSJeHul60ymS5I=,SdPNUb1dudjnd7PE5rLUjJShoJA=
-3,-7,BtP4EpiNQe8RYpSJeHul60ymS5I=,V2Hr08u32XK1VDC+HKYdBRtOwqc=
-3,-8,BtP4EpiNQe8RYpSJeHul60ymS5I=,LbNStAiUpd47nksGMIKkhOd57/g=
-3,-5,BtP4EpiNQe8RYpSJeHul60ymS5I=,WCCFWfXbJIQtMoD1AU0i98IKSRM=
-3,-6,BtP4EpiNQe8RYpSJeHul60ymS5I=,xM6lVd0OqcSRHGHAD+wVOFqpojs=
-3,-11,BtP4EpiNQe8RYpSJeHul60ymS5I=,J9pHuTmdKX6JHWw9mZj8dIa2Zq4=
-3,-12,BtP4EpiNQe8RYpSJeHul60ymS5I=,cxhmAsx5uY6TikTxxpTyoDahlUk=
-3,-9,BtP4EpiNQe8RYpSJeHul60ymS5I=,BjoQH6PO48mrgZZihWWTREy3g7w=
-3,-10,BtP4EpiNQe8RYpSJeHul60ymS5I=,dMnLoH1F5ePCrPENIeXE/uxCTeA=
-4,-4,BtP4EpiNQe8RYpSJeHul60ymS5I=,Nl5TA98d0zqkXhYYXuXfaN7RXHY=
-4,-3,BtP4EpiNQe8RYpSJeHul60ymS5I=,FljHHvNOcmjWsgmdbQySvHiUsn4=
-4,-2,BtP4EpiNQe8RYpSJeHul60ymS5I=,KM4TKoUhuHHkcG3hvl0borYfTgU=
-4,-1,BtP4EpiNQe8RYpSJeHul60ymS5I=,YIIXlXhao0dQL3H/KlxEdBuwP50=
-4,-8,BtP4EpiNQe8RYpSJeHul60ymS5I=,ePWKZDw6wgHHW9s8+6qtU0e38S8=
-4,-7,BtP4EpiNQe8RYpSJeHul60ymS5I=,D37wGV3VCEc1N3qO/GKs1j4Hymo=
-4,-6,BtP4EpiNQe8RYpSJeHul60ymS5I=,nI7udgQsw3hCCmocNkaZ3vUa+cA=
-4,-5,BtP4EpiNQe8RYpSJeHul60ymS5I=,t5HK6fJ2sSzRcTBvQ5weJsVyGxU=
-4,-12,BtP4EpiNQe8RYpSJeHul60ymS5I=,111ayfVZTkA7XU479dVNxpA7+GA=
-4,-11,BtP4EpiNQe8RYpSJeHul60ymS5I=,CtedaNqEXKuJXafkxlIaXxDvG/c=
-4,-10,BtP4EpiNQe8RYpSJeHul60ymS5I=,Qr13rymrWQz03Ic/I1uGRt42rj4=
-4,-9,BtP4EpiNQe8RYpSJeHul60ymS5I=,fcfjo/TAjYmXS6/04/b/A720Iyk=
-4,-13,BtP4EpiNQe8RYpSJeHul60ymS5I=,+y+++RERzvQDiLDWGILPRaoiSIg=
-4,-18,BtP4EpiNQe8RYpSJeHul60ymS5I=,r/e+lw6bOleB6W6PQdOW+/qe478=
-5,-5,BtP4EpiNQe8RYpSJeHul60ymS5I=,BxaHUmPrckUbPOLY213bNSGtBkc=
-5,-6,BtP4EpiNQe8RYpSJeHul60ymS5I=,k4AGzLClOUDR1Mk3VAckLd5A4eA=
-5,-7,BtP4EpiNQe8RYpSJeHul60ymS5I=,HdieBWL5Sfi56S/lOQYJqMSw2s0=
-5,-8,BtP4EpiNQe8RYpSJeHul60ymS5I=,ywViR4XySbmkRUqbIIaOjkYNM0c=
-5,-1,BtP4EpiNQe8RYpSJeHul60ymS5I=,f0gla3DyeafHxDXUOob9a3eo+0c=
-5,-2,BtP4EpiNQe8RYpSJeHul60ymS5I=,NIIWtxBkUSA2/Tt2ZvTlvYKkaII=
-5,-3,BtP4EpiNQe8RYpSJeHul60ymS5I=,gbf/wBcgyP07QncII/GWeKtd5hc=
-5,-4,BtP4EpiNQe8RYpSJeHul60ymS5I=,tsY7dgiRemceJHwGPKzUOWa+MCM=
-5,-13,BtP4EpiNQe8RYpSJeHul60ymS5I=,G87RTPxZFtIrNEuTDDB1UcDQx20=
-5,-14,BtP4EpiNQe8RYpSJeHul60ymS5I=,WE5VF/N7ffip0zM5oFbCx2pXv+g=
-5,-16,BtP4EpiNQe8RYpSJeHul60ymS5I=,vAUQozq/+gl6dOZL21WAPm1UI/o=
-5,-9,PfFKe5TbtAMNbm2oiLAB/9GOOPw=,sex6DSSS9OE1dVbOz0MnCOqLMPI=
-5,-10,PfFKe5TbtAMNbm2oiLAB/9GOOPw=,CxNsuofTT31b7PrO6Hwu8ECSGV8=
-5,-11,PfFKe5TbtAMNbm2oiLAB/9GOOPw=,P72zgLtC3eAwcmNSgrp+jYgtvFA=
-5,-12,PfFKe5TbtAMNbm2oiLAB/9GOOPw=,Ibu8gi77gEv/mTJlF0vz4G6zRIg=
-5,-17,PfFKe5TbtAMNbm2oiLAB/9GOOPw=,zFgX3WklZEyXUFhNHQgDxHycyn4=
-5,-18,PfFKe5TbtAMNbm2oiLAB/9GOOPw=,zFgX3WklZEyXUFhNHQgDxHycyn4=
-5,-19,PfFKe5TbtAMNbm2oiLAB/9GOOPw=,r/e+lw6bOleB6W6PQdOW+/qe478=
-6,-6,PfFKe5TbtAMNbm2oiLAB/9GOOPw=,gpgRUc/Ls5bIP6K+9JwAsSBfbuc=
-6,-5,PfFKe5TbtAMNbm2oiLAB/9GOOPw=,1OGotPnVMLCr+RVLuLONouZq8Xk=
-6,-8,PfFKe5TbtAMNbm2oiLAB/9GOOPw=,TvJ5VttyVpHt6jTxLrSwYxch+wk=
-6,-7,PfFKe5TbtAMNbm2oiLAB/9GOOPw=,CyBp9cRj1DLJd9LWa4qrujZwkFM=
-6,-2,PfFKe5TbtAMNbm2oiLAB/9GOOPw=,bofTx7+bXFqvF1TwGwa5qfCMB4U=
-6,-1,PfFKe5TbtAMNbm2oiLAB/9GOOPw=,1rrI8kY3maIU+PlGjckAoRevShg=
-6,-4,PfFKe5TbtAMNbm2oiLAB/9GOOPw=,XrIZb2XzJzRu4usGUlYYWefdDxQ=
-6,-3,PfFKe5TbtAMNbm2oiLAB/9GOOPw=,OCRq+VCeWRwLodG/vaVyXcqE5ys=
-6,-14,PfFKe5TbtAMNbm2oiLAB/9GOOPw=,Ui/+nTxkOK9xMDjgah8Pf/O8sF0=
-6,-13,PfFKe5TbtAMNbm2oiLAB/9GOOPw=,q1nMouFWRZhP+09FLt16VxswFhg=
-6,-15,PfFKe5TbtAMNbm2oiLAB/9GOOPw=,oQy0ygJABLXtIO56I6zmtmzBuSc=
-6,-10,PfFKe5TbtAMNbm2oiLAB/9GOOPw=,cCQJdaRC7A0IL9cRPqxWji2Uzrw=
-6,-9,PfFKe5TbtAMNbm2oiLAB/9GOOPw=,gRqS+l9Wc39ZMwtRHo2l1EWDeMU=
-6,-12,PfFKe5TbtAMNbm2oiLAB/9GOOPw=,LXaRtVDu9w/QTdBgM5LfyJY+CXg=
-6,-11,PfFKe5TbtAMNbm2oiLAB/9GOOPw=,aducNqkDVNqUzzu2qijSoKEoUNc=
-6,-22,PfFKe5TbtAMNbm2oiLAB/9GOOPw=,K69NGNy3dyoaoKm8qQK2oEHxP6c=
-7,-7,PfFKe5TbtAMNbm2oiLAB/9GOOPw=,NZf5l0V96pioZyNVwiBhpnlm8tk=
-7,-8,PfFKe5TbtAMNbm2oiLAB/9GOOPw=,3wt5N1CU0q9q4hNqspVdB0Zr/FM=
-7,-5,PfFKe5TbtAMNbm2oiLAB/9GOOPw=,nbCkw0qugU0AftS92CyYY1jWR/E=
-7,-6,PfFKe5TbtAMNbm2oiLAB/9GOOPw=,s15U3VPInU6XO5cJaQMWzo2BahQ=
-7,-3,PfFKe5TbtAMNbm2oiLAB/9GOOPw=,/jxuDeYb6g36UIefXFQ50Ln2J34=
-7,-4,PfFKe5TbtAMNbm2oiLAB/9GOOPw=,6ajV1Su0JbzFCHrmKhaSoftsxuI=
-7,-1,PfFKe5TbtAMNbm2oiLAB/9GOOPw=,dEQie/2FEOnf7kXZQH3Ck4guovU=
-7,-2,PfFKe5TbtAMNbm2oiLAB/9GOOPw=,6U7MdZ4cDX6iK8iotWT8RBoqiaE=
-7,-15,PfFKe5TbtAMNbm2oiLAB/9GOOPw=,VVYwiUhQxOJ4EsDpLp8//ygHQmA=
-7,-16,PfFKe5TbtAMNbm2oiLAB/9GOOPw=,791cMMSXX5z4NeOq5jCtwxAYuIo=
-7,-13,PfFKe5TbtAMNbm2oiLAB/9GOOPw=,Z4MA5HrgSznxBtow4uLTP3H4YC8=
-7,-14,PfFKe5TbtAMNbm2oiLAB/9GOOPw=,orzKZoIIRNGYut56AjtoA6SW3Ig=
-7,-11,PfFKe5TbtAMNbm2oiLAB/9GOOPw=,BrOofhhr7TjyX98vSZD3XMubD7o=
-7,-12,PfFKe5TbtAMNbm2oiLAB/9GOOPw=,VzoKDP/CUTs3jYGNRSUDvZ/1nDg=
-7,-9,PfFKe5TbtAMNbm2oiLAB/9GOOPw=,eoO4SW/Zlc/rusjjkg3QRejNmNk=
-7,-10,PfFKe5TbtAMNbm2oiLAB/9GOOPw=,Wdkudifg0/fC+pPxbQSL3K721Xo=
-7,-23,PfFKe5TbtAMNbm2oiLAB/9GOOPw=,K69NGNy3dyoaoKm8qQK2oEHxP6c=
-7,-21,PfFKe5TbtAMNbm2oiLAB/9GOOPw=,K69NGNy3dyoaoKm8qQK2oEHxP6c=
-7,-22,PfFKe5TbtAMNbm2oiLAB/9GOOPw=,K69NGNy3dyoaoKm8qQK2oEHxP6c=
-8,-8,PfFKe5TbtAMNbm2oiLAB/9GOOPw=,JW5d+EdWMnWE+sQJbz1grYv4hQk=
-8,-7,PfFKe5TbtAMNbm2oiLAB/9GOOPw=,OiXsEnZK5WiqbgvtKN+jkYZZqYs=
-8,-6,PfFKe5TbtAMNbm2oiLAB/9GOOPw=,JeVPjSKtAcX/IFFFFm0gClsVmjI=
-8,-5,PfFKe5TbtAMNbm2oiLAB/9GOOPw=,W9FDgS/EIN1dYmCp1G+s8/sbNGI=
-8,-4,PfFKe5TbtAMNbm2oiLAB/9GOOPw=,QITfysrCVsjJ8JwzpvJoMLDOJHk=
-8,-3,PfFKe5TbtAMNbm2oiLAB/9GOOPw=,4GvGKBgdhhkBCjdwC55b6k3LtUs=
-8,-2,PfFKe5TbtAMNbm2oiLAB/9GOOPw=,4GvGKBgdhhkBCjdwC55b6k3LtUs=
-8,-1,PfFKe5TbtAMNbm2oiLAB/9GOOPw=,VKq9+d+ZedhSA9kF1+P5/nqjk40=
-8,-16,PfFKe5TbtAMNbm2oiLAB/9GOOPw=,b+z8KhugjIZ4zMtX5lfzIGyby38=
-8,-15,PfFKe5TbtAMNbm2oiLAB/9GOOPw=,ZjnqmJPfzhq/md6i0dV2/UuM7QE=
-8,-14,PfFKe5TbtAMNbm2oiLAB/9GOOPw=,tdBQ57e/BX0I7nLL90RxTkJDKyc=
-8,-13,PfFKe5TbtAMNbm2oiLAB/9GOOPw=,40JvSwqpJgfmuVQthqgEVGY1BxQ=
-8,-12,PfFKe5TbtAMNbm2oiLAB/9GOOPw=,wEzLgBzJu2g36XxHCisdp8+Sl5o=
-8,-11,PfFKe5TbtAMNbm2oiLAB/9GOOPw=,vQG1y/kF0gHqARRkCqT5gS9ov6o=
-8,-10,PfFKe5TbtAMNbm2oiLAB/9GOOPw=,VmhF+TwC8ZRH42gOXrETI1csUoU=
-8,-9,PfFKe5TbtAMNbm2oiLAB/9GOOPw=,G3aVQ9cq6VKyI8Fzigl1grM9vJ8=
-8,-23,PfFKe5TbtAMNbm2oiLAB/9GOOPw=,tpDvv45hXn4MBqx6pDGae9uOsYE=
-8,-22,PfFKe5TbtAMNbm2oiLAB/9GOOPw=,V4R9xM0F19uvXyEP8NtQPP+tx5c=
-8,-21,PfFKe5TbtAMNbm2oiLAB/9GOOPw=,K69NGNy3dyoaoKm8qQK2oEHxP6c=
-8,-20,PfFKe5TbtAMNbm2oiLAB/9GOOPw=,sHegM0bd57keL67nTTVRgxCddOY=
-8,-19,PfFKe5TbtAMNbm2oiLAB/9GOOPw=,e4Dj/IgmulTXbwm06IwNfeqCskc=
-8,-18,PfFKe5TbtAMNbm2oiLAB/9GOOPw=,mKJYEhJ0/UKVCWY9zN2JfgffGcc=
-8,-17,PfFKe5TbtAMNbm2oiLAB/9GOOPw=,tpDvv45hXn4MBqx6pDGae9uOsYE=
-9,-9,PfFKe5TbtAMNbm2oiLAB/9GOOPw=,7fxP8t0KUce2b+XHS+j6zjpCkCY=
-9,-10,PfFKe5TbtAMNbm2oiLAB/9GOOPw=,9oECF64OwaJ3f/WDIHudxhKfin8=
-9,-11,PfFKe5TbtAMNbm2oiLAB/9GOOPw=,WyzmrV3XDFwEycQQOrEpeKjxum8=
-9,-12,PfFKe5TbtAMNbm2oiLAB/9GOOPw=,os/uhPC2JD7DqRocpp9KTKHvZ2I=
-9,-13,PfFKe5TbtAMNbm2oiLAB/9GOOPw=,hgAv7GtyConVhhsEUWvZuG8Z+uM=
-9,-14,PfFKe5TbtAMNbm2oiLAB/9GOOPw=,fTklDkXMySfquZFr0Vrl+g4XJnI=
-9,-15,PfFKe5TbtAMNbm2oiLAB/9GOOPw=,J2kQfpXj9SAVBkTgpBfdR+9qP30=
-9,-16,PfFKe5TbtAMNbm2oiLAB/9GOOPw=,IdsqpQQAYKhaF4H04Na/z2ubFaQ=
-9,-1,4nvZswsvN83dZyRPQWdBwpWkIL0=,8O6oI9vfZ4kU176ZeWn9S8W1YW4=
-9,-2,4nvZswsvN83dZyRPQWdBwpWkIL0=,lYe5trDEvOpm+xPPnpALO0TGszI=
-9,-3,4nvZswsvN83dZyRPQWdBwpWkIL0=,h3+DzWJom2+KT2/zaWFQ0lT7OuI=
-9,-4,4nvZswsvN83dZyRPQWdBwpWkIL0=,x4m7tFwt2O2VqU/Km5aCYLlVmpg=
-9,-5,4nvZswsvN83dZyRPQWdBwpWkIL0=,x4m7tFwt2O2VqU/Km5aCYLlVmpg=
-9,-6,4nvZswsvN83dZyRPQWdBwpWkIL0=,mZC5LSEW1GHPob8XxCEPBevdHzo=
-9,-7,4nvZswsvN83dZyRPQWdBwpWkIL0=,UgGXiSxMgFWWNeMW+Yiea2GWhs0=
-9,-8,4nvZswsvN83dZyRPQWdBwpWkIL0=,PaQgfmVkgRW7JTGDrcEEL1ZLhKQ=
-9,-17,4nvZswsvN83dZyRPQWdBwpWkIL0=,JZku81T7w6GYhV4ssshJOQPnVtU=
-9,-18,4nvZswsvN83dZyRPQWdBwpWkIL0=,p666PtC0tUVISxU/d+sT0Epe134=
-9,-19,4nvZswsvN83dZyRPQWdBwpWkIL0=,jddkKxLwD6fKmYrg0oyMwfXmV4s=
-9,-20,4nvZswsvN83dZyRPQWdBwpWkIL0=,JgwnEygl7P/E4vYdasHMzXAJ9aY=
-9,-21,4nvZswsvN83dZyRPQWdBwpWkIL0=,pQKw3NfN8aSvr8tO8bgyc0wES6g=
-9,-22,4nvZswsvN83dZyRPQWdBwpWkIL0=,rnYZigGjFkyHDjA2GRhfb6HoVr8=
-9,-23,4nvZswsvN83dZyRPQWdBwpWkIL0=,wLmtLJPOPEgAGacsAlvtY/u1dGI=
-10,-10,4nvZswsvN83dZyRPQWdBwpWkIL0=,1B5nU0L6Yy+J9RxNOR1xEMFQNqQ=
-10,-9,4nvZswsvN83dZyRPQWdBwpWkIL0=,gJltE1KVP0nUOpZHNkwMqjtWfT0=
-10,-12,4nvZswsvN83dZyRPQWdBwpWkIL0=,G+nG/45GM4e4bD5pRnGycNVqWiE=
-10,-11,4nvZswsvN83dZyRPQWdBwpWkIL0=,mjNPHFBfR4jDXvhQCxWSDiZwWfE=
-10,-14,4nvZswsvN83dZyRPQWdBwpWkIL0=,Ys6Csy9KPM/h6q/05LT6nKOP3h4=
-10,-13,4nvZswsvN83dZyRPQWdBwpWkIL0=,jm+J7WVLg+UgWA79MA48IYcUMuo=
-10,-16,4nvZswsvN83dZyRPQWdBwpWkIL0=,K8rPENuddTiH4RpXBdwbJIRcnE4=
-10,-15,4nvZswsvN83dZyRPQWdBwpWkIL0=,Iv6FRtfk5GHWsrLG+8RngGrHQE8=
-10,-2,4nvZswsvN83dZyRPQWdBwpWkIL0=,YkI9Fkzpsw7UOBmvQby0QOygnCU=
-10,-1,4nvZswsvN83dZyRPQWdBwpWkIL0=,XBZTn7qZYBtAqJaLb/iwfOkivng=
-10,-4,4nvZswsvN83dZyRPQWdBwpWkIL0=,IAbynDTYeF0daaEGX6YYYJ9VNkY=
-10,-3,4nvZswsvN83dZyRPQWdBwpWkIL0=,3jx34/U/ZXEo8p5i2VJwcymi3rw=
-10,-6,4nvZswsvN83dZyRPQWdBwpWkIL0=,d36PaG6L5TefcUD0k8qJq6McVqQ=
-10,-5,4nvZswsvN83dZyRPQWdBwpWkIL0=,wdBiIUfwDGy0Y7x6rlz3YfJlSKw=
-10,-8,4nvZswsvN83dZyRPQWdBwpWkIL0=,nSSUs+juQhn5cmISqbssm50IGWU=
-10,-7,4nvZswsvN83dZyRPQWdBwpWkIL0=,bqKajajiXukHCeRO8paBmpwIeBc=
-10,-18,4nvZswsvN83dZyRPQWdBwpWkIL0=,Fmy6R2dbB1RledkiNCwd/QaPhDk=
-10,-17,4nvZswsvN83dZyRPQWdBwpWkIL0=,/JreApIFsI3e4o9P5JLVcMxIC7A=
-10,-20,4nvZswsvN83dZyRPQWdBwpWkIL0=,RlBZ45J0ft3H2fMm5XmSig+9LFA=
-10,-19,4nvZswsvN83dZyRPQWdBwpWkIL0=,mNCsX5GHOhwNPnlWYaNLpQ4P/Ag=
-10,-22,4nvZswsvN83dZyRPQWdBwpWkIL0=,06AQaSCT4cnyWH12ydBnRH7TaVc=
-10,-21,4nvZswsvN83dZyRPQWdBwpWkIL0=,Bojv8ai/aV2UWNW+togjOVdh6B8=
-10,-23,4nvZswsvN83dZyRPQWdBwpWkIL0=,HJFPT+NfEw4kkJxcPyOhPsQRKHM=
-11,-11,4nvZswsvN83dZyRPQWdBwpWkIL0=,75zB/bQ3IzL4IVlOuII5TBmcKlM=
-11,-12,4nvZswsvN83dZyRPQWdBwpWkIL0=,1i1AZr1ZUHEaDgzF1UFVw5c59nM=
-11,-9,4nvZswsvN83dZyRPQWdBwpWkIL0=,dXp2TNCDvmHWDFr2AHbRu5Hv/dk=
-11,-10,4nvZswsvN83dZyRPQWdBwpWkIL0=,sVY0e3nTMapCLgaY/72ynN5NeE0=
-11,-15,4nvZswsvN83dZyRPQWdBwpWkIL0=,QANsQfApSoJr9UOZlYxEQXE7Sjw=
-11,-16,4nvZswsvN83dZyRPQWdBwpWkIL0=,W+OeojWxz5iyCi1vBNUFTweDqAI=
-11,-13,4nvZswsvN83dZyRPQWdBwpWkIL0=,DGGdO5CfwVXAa8xFoCJEtRp7JTk=
-11,-14,4nvZswsvN83dZyRPQWdBwpWkIL0=,hBshrLeLtvh1SWQoMXCQu5i1gT0=
-11,-3,4nvZswsvN83dZyRPQWdBwpWkIL0=,4TFwUVO+GRydN920w5DWI7CD9Ys=
-11,-4,4nvZswsvN83dZyRPQWdBwpWkIL0=,zVNOj6kzud4Orxi7ruIHW2UIxP8=
-11,-1,4nvZswsvN83dZyRPQWdBwpWkIL0=,vQKV1Hf1kCojeu6/lr2cnVgT3Uw=
-11,-2,4nvZswsvN83dZyRPQWdBwpWkIL0=,PuzFqWFJ3lTt33FHmDDXelJOJAk=
-11,-7,4nvZswsvN83dZyRPQWdBwpWkIL0=,h6WgOhWTW2hwFHEAe055Vaj/5CI=
-11,-8,4nvZswsvN83dZyRPQWdBwpWkIL0=,3Wjo6T8NNJ7j+ym5ffjadFxik1k=
-11,-5,4nvZswsvN83dZyRPQWdBwpWkIL0=,Aqq84gpqUk5lRa6Ev5VvRL/K1uo=
-11,-6,4nvZswsvN83dZyRPQWdBwpWkIL0=,UPwc8jBUqiutBwQFuKPsELyIB6o=
-11,-19,4nvZswsvN83dZyRPQWdBwpWkIL0=,e4pCgdqmxiAk0MirrdwWLj1ukVg=
-11,-20,4nvZswsvN83dZyRPQWdBwpWkIL0=,e6jUxfeEU+L1QUl/aSmpbM2ZoQk=
-11,-17,4nvZswsvN83dZyRPQWdBwpWkIL0=,lTdTjfKNUIW3g+BC69XLvr7f8rk=
-11,-18,4nvZswsvN83dZyRPQWdBwpWkIL0=,ftEag0IirnBij9c0d8VySmVi+gU=
-11,-23,4nvZswsvN83dZyRPQWdBwpWkIL0=,OHSJXouS2LYRAZugSZiAJO/1C0Y=
-11,-21,4nvZswsvN83dZyRPQWdBwpWkIL0=,6kc36pSCO3XYLP3vly187RMMklU=
-11,-22,4nvZswsvN83dZyRPQWdBwpWkIL0=,7LXcre8EOEpKwVWiQzfU4+qkuJY=
-12,-12,4nvZswsvN83dZyRPQWdBwpWkIL0=,7ROEIiQ2glmJdnKG/Yqybehl6jk=
-12,-11,4nvZswsvN83dZyRPQWdBwpWkIL0=,Zkgr/GMBpCTFpEZ3Ir666hUcA1A=
-12,-10,4nvZswsvN83dZyRPQWdBwpWkIL0=,+yCUQPDryc54mv3kV9j6pDvGlss=
-12,-9,4nvZswsvN83dZyRPQWdBwpWkIL0=,3sagBBkt1X5mfqd8/uZOFtPWFEw=
-12,-16,4nvZswsvN83dZyRPQWdBwpWkIL0=,lVlbuC7nN5+zZtyAy3dBw9k2F5E=
-12,-15,4nvZswsvN83dZyRPQWdBwpWkIL0=,yd2YJzpolJWFjYACDVr5yjzdqfE=
-12,-14,4nvZswsvN83dZyRPQWdBwpWkIL0=,WsMXzPY8RInHw4wtxzL4WfiPAc8=
-12,-13,4nvZswsvN83dZyRPQWdBwpWkIL0=,LfM2NeNoJiCV8AvdaFcGTVOkzf0=
-12,-4,4nvZswsvN83dZyRPQWdBwpWkIL0=,DrzeD2zdTO4FBcHxFZOoX6cknkc=
-12,-3,4nvZswsvN83dZyRPQWdBwpWkIL0=,X3TAwz4ZORvczZVcKPADnfghYAs=
-12,-2,4nvZswsvN83dZyRPQWdBwpWkIL0=,K6OUcT7l1V0nc8bNgt+0glHfxPw=
-12,-8,4nvZswsvN83dZyRPQWdBwpWkIL0=,JUxkImfAi5JFOg83SrbQEnwuMCY=
-12,-7,4nvZswsvN83dZyRPQWdBwpWkIL0=,vURJ+6cQnML2Vk+xjHUukRWQqig=
-12,-6,4nvZswsvN83dZyRPQWdBwpWkIL0=,BKvW645wZF57jTvykVRTIbMDTzw=
-12,-5,/jp1pfmrjdswattXoOlD8ww2m7A=,DrzeD2zdTO4FBcHxFZOoX6cknkc=
-12,-20,/jp1pfmrjdswattXoOlD8ww2m7A=,pX/HcwDK29VfVDYCM080CHWG5GM=
-12,-19,/jp1pfmrjdswattXoOlD8ww2m7A=,S2cCxTRx6rfXr9PBaqdrzdv6Tg4=
-12,-18,/jp1pfmrjdswattXoOlD8ww2m7A=,kQILWq4XpjBsKgu5ZCrdDjlYoO4=
-12,-17,/jp1pfmrjdswattXoOlD8ww2m7A=,puXeJNqYqg2UEBbHdohT54oRim8=
-12,-23,/jp1pfmrjdswattXoOlD8ww2m7A=,NK3vdpQV09reE+0lis1/BZeg90s=
-12,-22,/jp1pfmrjdswattXoOlD8ww2m7A=,7Fd2vju3YIRmqQqQf9uxdnbLdFQ=
-12,-21,/jp1pfmrjdswattXoOlD8ww2m7A=,fuJ253+VqApAwdVCihtiiEAMIj4=
-13,-13,/jp1pfmrjdswattXoOlD8ww2m7A=,hxx8rSBjlWzDToQvF48Wgn9oF2Y=
-13,-14,/jp1pfmrjdswattXoOlD8ww2m7A=,oKNP5juLVOqwsStbs/+a3aBk2LY=
-13,-15,/jp1pfmrjdswattXoOlD8ww2m7A=,GDH4BM304Zt0ucZHCRSy2yNlrBo=
-13,-16,/jp1pfmrjdswattXoOlD8ww2m7A=,04Z5RWEZQ48FoIG38DqiMpNVkuA=
-13,-9,/jp1pfmrjdswattXoOlD8ww2m7A=,iGeoqL7qLBDyWSqf90PgOXeYi0Y=
-13,-10,/jp1pfmrjdswattXoOlD8ww2m7A=,mhI7i3/npaQ48yyY/CrG69cKvQs=
-13,-11,/jp1pfmrjdswattXoOlD8ww2m7A=,HK1WEDu1OiVq1YdPGV859yjnJIQ=
-13,-12,/jp1pfmrjdswattXoOlD8ww2m7A=,Wj+u6B3MYE6n99dKNy6dDUKTuos=
-13,-5,/jp1pfmrjdswattXoOlD8ww2m7A=,kY9SlTij0TaZEKUM49OsKgvsbYs=
-13,-6,/jp1pfmrjdswattXoOlD8ww2m7A=,HUuWOr9vzkoeFDeLU9O2+W/cN0k=
-13,-7,/jp1pfmrjdswattXoOlD8ww2m7A=,BIjceyQxihltKvctGGEZHp95yXg=
-13,-8,/jp1pfmrjdswattXoOlD8ww2m7A=,WgcCvZajsB6kykQe9ymQjxgPAco=
-13,-2,/jp1pfmrjdswattXoOlD8ww2m7A=,E1MVTjgmEpU8IPGIk0+D/Us+uzE=
-13,-3,/jp1pfmrjdswattXoOlD8ww2m7A=,4X+NexoaYbl/fdvsoNCTTLxMaRE=
-13,-4,/jp1pfmrjdswattXoOlD8ww2m7A=,CBbQc/vai35lTvHb2WjwBVJbhNo=
-13,-29,/jp1pfmrjdswattXoOlD8ww2m7A=,D6yGVIeQzBHXxQY4MNEMpOAdZrQ=
-13,-30,/jp1pfmrjdswattXoOlD8ww2m7A=,HnzTR5+eXILSc8ZaXHZDMBrANvA=
-13,-31,/jp1pfmrjdswattXoOlD8ww2m7A=,fzMGfaRED1wfdMCyga/UGHz8ii0=
-13,-32,/jp1pfmrjdswattXoOlD8ww2m7A=,y766C5et3fNUyQUEM1Vkg50f/GE=
-13,-25,/jp1pfmrjdswattXoOlD8ww2m7A=,K8+XJegWlrbozkErP3oMRC1hvbI=
-13,-26,/jp1pfmrjdswattXoOlD8ww2m7A=,g3bTaPA1MgOrHt8PHlJz0tULPjs=
-13,-21,/jp1pfmrjdswattXoOlD8ww2m7A=,+FF7ldH/qgn/caODzfuGxcaPDdk=
-13,-22,/jp1pfmrjdswattXoOlD8ww2m7A=,DrihaFDg2BGZDcK/+vl3PviQ6QI=
-13,-23,/jp1pfmrjdswattXoOlD8ww2m7A=,oZ3b/lhGE3hM659MI5pGOaa5TSo=
-13,-24,/jp1pfmrjdswattXoOlD8ww2m7A=,2O6tljPB1PSpu+qLlUsXm38iXP8=
-13,-17,/jp1pfmrjdswattXoOlD8ww2m7A=,6jXOX5kcDuD2P/cCmJ9+Z7pUTA0=
-13,-18,/jp1pfmrjdswattXoOlD8ww2m7A=,KPIN/hS8QBQpxNBqfIURuthkkEY=
-13,-19,/jp1pfmrjdswattXoOlD8ww2m7A=,pGPY5jiL11CFQp/xbSTMHEYPcBc=
-13,-20,/jp1pfmrjdswattXoOlD8ww2m7A=,OPwDl5ZkqC2egtyAeziLMKlEM+M=
-14,-14,/jp1pfmrjdswattXoOlD8ww2m7A=,vxzATYr5aDqkpdGAg+ioLroMcyQ=
-14,-13,/jp1pfmrjdswattXoOlD8ww2m7A=,lqB5fRVnKtTnZild3KEvYoBmUSA=
-14,-16,/jp1pfmrjdswattXoOlD8ww2m7A=,H99WWVA7AIFl5nS7VuDG5WkQ3/c=
-14,-15,/jp1pfmrjdswattXoOlD8ww2m7A=,Nrdoe/u6CWj0SxUaONH+hNkL1dg=
-14,-10,/jp1pfmrjdswattXoOlD8ww2m7A=,1ex7aNzGntIG8Pdg8U4sx4L9ZFk=
-14,-9,/jp1pfmrjdswattXoOlD8ww2m7A=,OoiQMy9OUcsc665rN1xpXOSvfmI=
-14,-12,/jp1pfmrjdswattXoOlD8ww2m7A=,ai9+AFMpKrlUrJ4Yn19OAzCXaYY=
-14,-11,/jp1pfmrjdswattXoOlD8ww2m7A=,sMvvv9j2BRwf90BjbaYMw4BN6XU=
-14,-6,/jp1pfmrjdswattXoOlD8ww2m7A=,WHqwwYu532v/yYwe4c4d9uM+ENI=
-14,-5,/jp1pfmrjdswattXoOlD8ww2m7A=,IwGYvl/08Dj6NEw2wlSEMmwj9U8=
-14,-8,/jp1pfmrjdswattXoOlD8ww2m7A=,kbEUq97G782iNQNu4Z+FtA2lFbw=
-14,-7,/jp1pfmrjdswattXoOlD8ww2m7A=,qDZvgSz3xthYVq6sCRZhyjp4RX8=
-14,-2,/jp1pfmrjdswattXoOlD8ww2m7A=,vYSniDbiuAnmulEm5puzU7pvw3E=
-14,-1,/jp1pfmrjdswattXoOlD8ww2m7A=,J2l0lgH6zfAcKUOSRshigiExHUk=
-14,-4,/jp1pfmrjdswattXoOlD8ww2m7A=,ZfAKcueiKvVz0dkozq3uXyS8T/U=
-14,-3,/jp1pfmrjdswattXoOlD8ww2m7A=,SLmaRg66f8J+RndKAs3wU3GuWIg=
-14,-30,/jp1pfmrjdswattXoOlD8ww2m7A=,D6yGVIeQzBHXxQY4MNEMpOAdZrQ=
-14,-29,/jp1pfmrjdswattXoOlD8ww2m7A=,Pjcp8mzZNgyLwJ1TAX/tIKLXHl0=
-14,-32,/jp1pfmrjdswattXoOlD8ww2m7A=,XK0kPJAWbO4FKUFKJkPi3c9Bddg=
-14,-31,/jp1pfmrjdswattXoOlD8ww2m7A=,QbkRhZn8HDCrLiSFz84iEomNrM8=
-14,-26,/jp1pfmrjdswattXoOlD8ww2m7A=,9//PYnbopeG2pBqovRX135WVPR0=
-14,-25,/jp1pfmrjdswattXoOlD8ww2m7A=,lnLFPOIRDHuE7j1wtv0STNHyj1A=
-14,-27,/jp1pfmrjdswattXoOlD8ww2m7A=,xxkQoBAfj4NUGz7OyUT7Wru+d6k=
-14,-22,/jp1pfmrjdswattXoOlD8ww2m7A=,uTRhFgrjo+VJ5tiwW8nk5o6gbRQ=
-14,-21,/jp1pfmrjdswattXoOlD8ww2m7A=,fUti5t2zmsCTk/Ah+BWtj/7tjaM=
-14,-24,/jp1pfmrjdswattXoOlD8ww2m7A=,hprq97BsP6NRStF3tY9OOhCtPPM=
-14,-23,/jp1pfmrjdswattXoOlD8ww2m7A=,Nxls9VGFuLHHNl5q7A+iTg6ixog=
-14,-18,/jp1pfmrjdswattXoOlD8ww2m7A=,4U3guWnRlZv7Q3BTdJk8KKRA74k=
-14,-17,/jp1pfmrjdswattXoOlD8ww2m7A=,uoXXXSPic7YjVJj+1fMOG4ryOF4=
-14,-20,/jp1pfmrjdswattXoOlD8ww2m7A=,S5xyegAlTTXntsrPSpOE3VlhezA=
-14,-19,/jp1pfmrjdswattXoOlD8ww2m7A=,ZvVX5diOr7HvY0XKt87PvRr/Pn4=
-15,-15,/jp1pfmrjdswattXoOlD8ww2m7A=,3U2Vs/NwOHm8ETQur1vfZFT336k=
-15,-16,/jp1pfmrjdswattXoOlD8ww2m7A=,lGQycA4Wzqy11J7xHg3KazhKEKQ=
-15,-13,/jp1pfmrjdswattXoOlD8ww2m7A=,fMBCQ6BWK5Sy+F2pshN1FVrFw7s=
-15,-14,/jp1pfmrjdswattXoOlD8ww2m7A=,t9oR8ZCxzURBefYdpzWJfqBHeuM=
-15,-11,/jp1pfmrjdswattXoOlD8ww2m7A=,eXfiLC0r5zP/IdxsPK99r65VAHo=
-15,-12,/jp1pfmrjdswattXoOlD8ww2m7A=,s35MdrxO8ITFLF6L9oXjQAy0ex8=
-15,-9,/jp1pfmrjdswattXoOlD8ww2m7A=,CbCYE16wDA54SKW7J5SOp79QvA0=
-15,-7,/jp1pfmrjdswattXoOlD8ww2m7A=,7Ad42TKDoJSd68VpgrB7yS6XWpk=
-15,-8,/jp1pfmrjdswattXoOlD8ww2m7A=,HBmbW9tW6l5onZDnj1dfhmb/wWk=
-15,-5,/jp1pfmrjdswattXoOlD8ww2m7A=,fg11Afp/33OyalRtlzDP+1b1bWI=
-15,-6,/jp1pfmrjdswattXoOlD8ww2m7A=,+S8hX069Zzsns1l5K8Bkb5fbX8g=
-15,-3,/jp1pfmrjdswattXoOlD8ww2m7A=,K+I9Ds78VAP1ZAwe8YWbDwD87sc=
-15,-4,/jp1pfmrjdswattXoOlD8ww2m7A=,O7QPgzQKYzbwvTQ+Nc3puNhDAaI=
-15,-1,/jp1pfmrjdswattXoOlD8ww2m7A=,KcWD9Y1GX2SI0kamKWaNNvzGbbo=
-15,-2,/jp1pfmrjdswattXoOlD8ww2m7A=,4qTX2/B7TSJvIMPUZEfHBBxzK80=
-15,-31,E3iEA+/5oNGiwTe1A4+8o6iC0Fk=,ezKZA81X6lLns4+66yHzlUqJwzk=
-15,-32,E3iEA+/5oNGiwTe1A4+8o6iC0Fk=,fz10d8qEqxmOY+YWo6M6Fb7ZRkk=
-15,-29,E3iEA+/5oNGiwTe1A4+8o6iC0Fk=,hnhq3xTEdJZZzGmuSu/EdZUOM9I=
-15,-30,E3iEA+/5oNGiwTe1A4+8o6iC0Fk=,YsZOTOKFbC1H/UrrT67OC4D5QJ4=
-15,-27,E3iEA+/5oNGiwTe1A4+8o6iC0Fk=,L5XIzXdoHg6FSSohbxVbPIw07r0=
-15,-28,E3iEA+/5oNGiwTe1A4+8o6iC0Fk=,JGYkKRD+Qxnf03sIM9jrP+JMzwk=
-15,-25,E3iEA+/5oNGiwTe1A4+8o6iC0Fk=,gq8MxcCm4Z9tWhewv7c0hR1TcUk=
-15,-26,E3iEA+/5oNGiwTe1A4+8o6iC0Fk=,Q+ebbIiJj1DPeYbsncW3Nss8V5Y=
-15,-23,E3iEA+/5oNGiwTe1A4+8o6iC0Fk=,JuMEJ/BQZGNX7swRH4s/g0leHuY=
-15,-24,E3iEA+/5oNGiwTe1A4+8o6iC0Fk=,c2zmPqsFb5y/pTb+qCKmHdGor1Y=
-15,-21,E3iEA+/5oNGiwTe1A4+8o6iC0Fk=,VWGZYAdPL55ZrfR+s3xqGakwBe8=
-15,-22,E3iEA+/5oNGiwTe1A4+8o6iC0Fk=,uc1TaNUAn5+a8NPs21suJNyleoU=
-15,-19,E3iEA+/5oNGiwTe1A4+8o6iC0Fk=,Hd3mHXL/KoF354BV3KfKoCWQfHI=
-15,-20,E3iEA+/5oNGiwTe1A4+8o6iC0Fk=,X6D4nNmRC5zRcA+gzBfX77FGqD8=
-15,-17,E3iEA+/5oNGiwTe1A4+8o6iC0Fk=,+wOa2Hb63bX2an2KbH+1H3n6nKo=
-15,-18,E3iEA+/5oNGiwTe1A4+8o6iC0Fk=,mHtJ0Sb6srZeKXM+badhCd1Gl7M=
-16,-16,E3iEA+/5oNGiwTe1A4+8o6iC0Fk=,DzaUx2DAiQIAZuEC0raK3RTc80s=
-16,-15,E3iEA+/5oNGiwTe1A4+8o6iC0Fk=,dHvfSe6xAQ11c5AMTK0j6MuQevQ=
-16,-14,E3iEA+/5oNGiwTe1A4+8o6iC0Fk=,x/gy3cHFu1zSbF7+VV1skD4aIHI=
-16,-13,E3iEA+/5oNGiwTe1A4+8o6iC0Fk=,9+FOxWThJaynr2TY56PhkK3iC3I=
-16,-6,E3iEA+/5oNGiwTe1A4+8o6iC0Fk=,o8EXnmQq1YxZh0uHdf4Uadr6SEA=
-16,-5,E3iEA+/5oNGiwTe1A4+8o6iC0Fk=,N5Uid9hTZ3gxf27ylLvcE9eadNs=
-16,-4,E3iEA+/5oNGiwTe1A4+8o6iC0Fk=,+rFLmex21sPBoeRJV+Y5+UhpQ7k=
-16,-3,E3iEA+/5oNGiwTe1A4+8o6iC0Fk=,Gul/b0lH5hCIILZQE9gCIix8C/Y=
-16,-2,E3iEA+/5oNGiwTe1A4+8o6iC0Fk=,cM/JAkKm1ljis0ZsywOal5uXkl0=
-16,-1,E3iEA+/5oNGiwTe1A4+8o6iC0Fk=,EaET+dTN8+JQ9nMnwbfP4Lc83pc=
-16,-32,E3iEA+/5oNGiwTe1A4+8o6iC0Fk=,tQ/k4c+BeD51iNK3jTgZ7mkwzDk=
-16,-31,E3iEA+/5oNGiwTe1A4+8o6iC0Fk=,fz10d8qEqxmOY+YWo6M6Fb7ZRkk=
-16,-30,E3iEA+/5oNGiwTe1A4+8o6iC0Fk=,Top1VOFfL+pbVGlz+uD+/WAo+SM=
-16,-29,E3iEA+/5oNGiwTe1A4+8o6iC0Fk=,5PZP/POrnddLlw7PgVUwdV4bsqY=
-16,-28,E3iEA+/5oNGiwTe1A4+8o6iC0Fk=,65Blo/kYt+MKvC0ECHOY6hzxm3s=
-16,-27,E3iEA+/5oNGiwTe1A4+8o6iC0Fk=,R9dXXDFFyXIYAxlLT4izcx8VBYc=
-16,-26,E3iEA+/5oNGiwTe1A4+8o6iC0Fk=,oH2rd6MY6s3kZD1fmbSZXTfT060=
-16,-25,E3iEA+/5oNGiwTe1A4+8o6iC0Fk=,V8ew3tmwwRxi3PXGyw9xokBESgw=
-16,-24,E3iEA+/5oNGiwTe1A4+8o6iC0Fk=,1qzW/OFzrJ02aKWaFJ2DrsTVBPg=
-16,-23,E3iEA+/5oNGiwTe1A4+8o6iC0Fk=,BWmlXmOc2Xli2HM24KevkmgbTjM=
-16,-22,E3iEA+/5oNGiwTe1A4+8o6iC0Fk=,TDVtufnD59y7ix9Y2APekqldF10=
-16,-21,E3iEA+/5oNGiwTe1A4+8o6iC0Fk=,bHG5MpESsYO2SrBqX17tVBkI8aQ=
-16,-20,E3iEA+/5oNGiwTe1A4+8o6iC0Fk=,YSma6/VyICxLEKwu1Ggynmzx8Ok=
-16,-19,E3iEA+/5oNGiwTe1A4+8o6iC0Fk=,AKUHQt/xYlCcnOaWxgxDvxmbajA=
-16,-18,E3iEA+/5oNGiwTe1A4+8o6iC0Fk=,djPM0KRz3QCd5Wr39hW5TIBq/xw=
-16,-17,E3iEA+/5oNGiwTe1A4+8o6iC0Fk=,IZXnMhHy8e7HUhMZSkVWeDO/KVM=
-17,-17,E3iEA+/5oNGiwTe1A4+8o6iC0Fk=,/fSP/uOVx+CbGDSWbqD09lK60zs=
-17,-18,E3iEA+/5oNGiwTe1A4+8o6iC0Fk=,HONW6p92Y3ZHOPltfYbbxlRTVlE=
-17,-19,E3iEA+/5oNGiwTe1A4+8o6iC0Fk=,SdROZ9hg43N/sa9iVm6ttUuZVMY=
-17,-20,E3iEA+/5oNGiwTe1A4+8o6iC0Fk=,Ixtn7mGCT5hZYNCx3wVaCgICSsg=
-17,-21,E3iEA+/5oNGiwTe1A4+8o6iC0Fk=,0iBxktfhcyOh+Gmxv1j5kFeXUKE=
-17,-22,E3iEA+/5oNGiwTe1A4+8o6iC0Fk=,4RoXKhOTACfsXFX7W4+3jlfJ/LQ=
-17,-23,E3iEA+/5oNGiwTe1A4+8o6iC0Fk=,CaAYMQMp2ckRgq+W0K+DZfmxNRk=
-17,-24,E3iEA+/5oNGiwTe1A4+8o6iC0Fk=,55RQT6OTyWIE6wRuO0sMAEBj/kI=
-17,-25,E3iEA+/5oNGiwTe1A4+8o6iC0Fk=,M9lDmA0WCy7yswDRDPTTzV2LM1s=
-17,-26,E3iEA+/5oNGiwTe1A4+8o6iC0Fk=,lLd7OaNs6m5dSF9JH30i8L/SA28=
-17,-27,E3iEA+/5oNGiwTe1A4+8o6iC0Fk=,QeEW5xsYeT8Vz16Wz/3R8YKTDLo=
-17,-28,E3iEA+/5oNGiwTe1A4+8o6iC0Fk=,8ls21WX0fZSq63cMQ1Q4hSdGS0U=
-17,-29,E3iEA+/5oNGiwTe1A4+8o6iC0Fk=,QSr7IixDibEFeTzOL0KSnIdjZKM=
-17,-30,E3iEA+/5oNGiwTe1A4+8o6iC0Fk=,+QDXhgZOECbF61agdufaHrZoLsU=
-17,-31,E3iEA+/5oNGiwTe1A4+8o6iC0Fk=,VUCSyUBhWdAq9eMgpSOPUwwhNoQ=
-17,-32,E3iEA+/5oNGiwTe1A4+8o6iC0Fk=,33KNoKoGS8qnXVnkpUyGNG3zoKg=
-17,-1,E3iEA+/5oNGiwTe1A4+8o6iC0Fk=,2qfIMn1kDTbs/c1kcnZchOoXiGg=
-17,-2,E3iEA+/5oNGiwTe1A4+8o6iC0Fk=,7V5EtDcVRHm9aeY8ymJGI91bCC4=
-17,-3,E3iEA+/5oNGiwTe1A4+8o6iC0Fk=,5w0ZqYxuIFeuftEzjw3GxrK2CK8=
-17,-4,E3iEA+/5oNGiwTe1A4+8o6iC0Fk=,Phhx8zSYKLxdBbZ8kf97TG78zhM=
-17,-5,E3iEA+/5oNGiwTe1A4+8o6iC0Fk=,4oxF7XRiZjQNbe3ssGXD/yER2m0=
-17,-6,E3iEA+/5oNGiwTe1A4+8o6iC0Fk=,LbTgyBku7rp7qhJUUjtzTgooyhM=
-17,-13,E3iEA+/5oNGiwTe1A4+8o6iC0Fk=,uy1+jQrmVbBTdBrzYKI8TbalSFE=
-17,-14,E3iEA+/5oNGiwTe1A4+8o6iC0Fk=,WnPbH4qPl6ng7tS2hvPmtu/N/Fo=
-17,-15,E3iEA+/5oNGiwTe1A4+8o6iC0Fk=,WnPbH4qPl6ng7tS2hvPmtu/N/Fo=
-17,-16,E3iEA+/5oNGiwTe1A4+8o6iC0Fk=,sgl59EtIhHG3hlCVhNYPxSLgBsA=
-18,-18,E3iEA+/5oNGiwTe1A4+8o6iC0Fk=,WNqwepPN+C0L/bZQKJtFsvJkw1Y=
-18,-17,E3iEA+/5oNGiwTe1A4+8o6iC0Fk=,K7u5ccqEOJazQNX+ixPRpIwq04k=
-18,-20,E3iEA+/5oNGiwTe1A4+8o6iC0Fk=,uKxAzKmm3HP02yl85F1fCDYRB4s=
-18,-19,E3iEA+/5oNGiwTe1A4+8o6iC0Fk=,bKUPv9xJVmHP7/XUjxJmLBsg70k=
-18,-22,E3iEA+/5oNGiwTe1A4+8o6iC0Fk=,lrO1Q/uXY1L7N+kZkQJJjaydFCk=
-18,-21,E3iEA+/5oNGiwTe1A4+8o6iC0Fk=,URVLyZYAVHbv7ChaZ58DmnmksIA=
-18,-24,E3iEA+/5oNGiwTe1A4+8o6iC0Fk=,Ydpmwa323osjcRt94zv/dLyldq4=
-18,-23,E3iEA+/5oNGiwTe1A4+8o6iC0Fk=,c4SHYE372L3e6rNhKFcODkHNQP8=
-18,-26,E3iEA+/5oNGiwTe1A4+8o6iC0Fk=,AJ1hAgSNzuYqFCjaL9AunyS+yjI=
-18,-25,E3iEA+/5oNGiwTe1A4+8o6iC0Fk=,GM8Ee9LnNls0c1DychwbmWj5d4Y=
-18,-28,E3iEA+/5oNGiwTe1A4+8o6iC0Fk=,Ih2eeiNK3NniAKXYhdD1xfJCAaU=
-18,-27,E3iEA+/5oNGiwTe1A4+8o6iC0Fk=,iPaNab9gEo8k/1Q9/0RIcJeFbB0=
-18,-30,E3iEA+/5oNGiwTe1A4+8o6iC0Fk=,zbWe42nW71VJY/qwL+c/u6cWlvQ=
-18,-29,E3iEA+/5oNGiwTe1A4+8o6iC0Fk=,YPMRCkgPwsi+KjUkz88GO4BxKgk=
-18,-32,lfSTW0KHjZFEb94FjmIT+jnUcbM=,LW25y0mU2+DTt8bTOHILi6Ye1Mw=
-18,-31,lfSTW0KHjZFEb94FjmIT+jnUcbM=,W1qJtFhIpRahDczF+awcqgE6lZo=
-18,-4,lfSTW0KHjZFEb94FjmIT+jnUcbM=,KZUMj52Y9qVTYzIaKzOH+O/Nws8=
-18,-6,lfSTW0KHjZFEb94FjmIT+jnUcbM=,7V5EtDcVRHm9aeY8ymJGI91bCC4=
-18,-5,lfSTW0KHjZFEb94FjmIT+jnUcbM=,7V5EtDcVRHm9aeY8ymJGI91bCC4=
-18,-14,lfSTW0KHjZFEb94FjmIT+jnUcbM=,aKuXm1zWtzx6MAfFegbCPLrbKlg=
-18,-13,lfSTW0KHjZFEb94FjmIT+jnUcbM=,wOGPnrasPnXlgXT8Reckv298DY8=
-18,-16,lfSTW0KHjZFEb94FjmIT+jnUcbM=,ok7mHwsC+NfPqX+BnaaPPeSqolU=
-18,-15,lfSTW0KHjZFEb94FjmIT+jnUcbM=,PIAb7qra1QSXSLUVyVs5QV0Xrxw=
-19,-19,lfSTW0KHjZFEb94FjmIT+jnUcbM=,P3RwOwGJcVLXqUkTrA1Kvidzdec=
-19,-20,lfSTW0KHjZFEb94FjmIT+jnUcbM=,ljcHu+qarDFt14WyFMkX9VODPuk=
-19,-17,lfSTW0KHjZFEb94FjmIT+jnUcbM=,e5rXklmtwju9UrJZ9hriP28QG/4=
-19,-18,lfSTW0KHjZFEb94FjmIT+jnUcbM=,1uvNaJxm4iPkvO8YR78NLDiN8wM=
-19,-23,lfSTW0KHjZFEb94FjmIT+jnUcbM=,BMalkW6xthuv+Xxm/HAqG0jRB48=
-19,-24,lfSTW0KHjZFEb94FjmIT+jnUcbM=,yZssciA2a7YbcPubbvWVbDrGZdo=
-19,-21,lfSTW0KHjZFEb94FjmIT+jnUcbM=,Dl7z4dsrOSoTwbgmvnyhX9PgSlM=
-19,-22,lfSTW0KHjZFEb94FjmIT+jnUcbM=,zOSnnf+wfjiNYIUyuxQYTyzQc3A=
-19,-27,lfSTW0KHjZFEb94FjmIT+jnUcbM=,xepYsy1yBTZXdMWxRSzde7l+wkE=
-19,-28,lfSTW0KHjZFEb94FjmIT+jnUcbM=,T865IKUbriRXIXiBn8d5dOXVUlA=
-19,-25,lfSTW0KHjZFEb94FjmIT+jnUcbM=,cc/qTj4423vuwKribzlp9WPiX0g=
-19,-26,lfSTW0KHjZFEb94FjmIT+jnUcbM=,j3MMDsbJ1W9fZXASGZFsUuTGjlY=
-19,-31,lfSTW0KHjZFEb94FjmIT+jnUcbM=,hXGY2AC/0jo8bxw5dTFpjM9dxlc=
-19,-32,lfSTW0KHjZFEb94FjmIT+jnUcbM=,OjUK3zfk2s8gC9fn0BVUS9qDEfg=
-19,-29,lfSTW0KHjZFEb94FjmIT+jnUcbM=,v/ZJ6W4oZGh+SjQr4nIBz1/NnK0=
-19,-30,lfSTW0KHjZFEb94FjmIT+jnUcbM=,RoC9LCHs1AYGkXxqFrsBhIxlNs4=
-19,-15,lfSTW0KHjZFEb94FjmIT+jnUcbM=,3HyafDLl63vH2unqC4THUGjgwo4=
-19,-16,lfSTW0KHjZFEb94FjmIT+jnUcbM=,B8q3rxq34rO/IrCdQAsohmFtJYQ=
-19,-14,lfSTW0KHjZFEb94FjmIT+jnUcbM=,uy1+jQrmVbBTdBrzYKI8TbalSFE=
-20,-20,lfSTW0KHjZFEb94FjmIT+jnUcbM=,XeS+gqRHWtc4v5huwdOb683lgU8=
-20,-19,lfSTW0KHjZFEb94FjmIT+jnUcbM=,noZD9jD6/XyRsd3YI5d8XLSP15Q=
-20,-18,lfSTW0KHjZFEb94FjmIT+jnUcbM=,ezYdKOdmXHZril+4Sbd9w58gPlQ=
-20,-17,lfSTW0KHjZFEb94FjmIT+jnUcbM=,1g73pULOPsWcyp5gbSyxR4UXYOM=
-20,-24,lfSTW0KHjZFEb94FjmIT+jnUcbM=,aqz9tBfxMuNpllUy1NRAUk5bOlg=
-20,-23,lfSTW0KHjZFEb94FjmIT+jnUcbM=,xC9LDl358xcJYWqkCZqPMJqRBNE=
-20,-22,lfSTW0KHjZFEb94FjmIT+jnUcbM=,d3i5gbnzT0myge2EGNw2Lxx4Y+I=
-20,-21,lfSTW0KHjZFEb94FjmIT+jnUcbM=,dwiVyhzakwpcfo8AWwN/5C8+N1g=
-20,-28,lfSTW0KHjZFEb94FjmIT+jnUcbM=,TT3Gnk5g9XH4X7TIYBfw18mBHnY=
-20,-27,lfSTW0KHjZFEb94FjmIT+jnUcbM=,mHca5DQARVdVGs45orTxs4alcjo=
-20,-26,lfSTW0KHjZFEb94FjmIT+jnUcbM=,FY7nGr7yvs+/KuyZUYpq9ChjKUs=
-20,-25,lfSTW0KHjZFEb94FjmIT+jnUcbM=,JBGcghEcifg/YuHxMfbbZfJvNs8=
-20,-32,lfSTW0KHjZFEb94FjmIT+jnUcbM=,+mPpVGnCqO+1tYoqKjK0zmdw47I=
-20,-31,lfSTW0KHjZFEb94FjmIT+jnUcbM=,fwal/EMG1JLrVJmqlR8jJIBeNRg=
-20,-30,lfSTW0KHjZFEb94FjmIT+jnUcbM=,cZ0Snhi1qPLTxCHwpokvg/fQ/ys=
-20,-29,lfSTW0KHjZFEb94FjmIT+jnUcbM=,lT1UVlAt0UWXj1BTYLD7y5i7GLQ=
-20,-16,lfSTW0KHjZFEb94FjmIT+jnUcbM=,NqKBmM3de6CF+wamty5NmI7ka6E=
-20,-15,lfSTW0KHjZFEb94FjmIT+jnUcbM=,ok7mHwsC+NfPqX+BnaaPPeSqolU=
-20,-14,lfSTW0KHjZFEb94FjmIT+jnUcbM=,uy1+jQrmVbBTdBrzYKI8TbalSFE=
-21,-21,lfSTW0KHjZFEb94FjmIT+jnUcbM=,8ifqXLE9pNVGDaQ8p8edSD2DgBA=
-21,-22,lfSTW0KHjZFEb94FjmIT+jnUcbM=,72G55ZzZ+1JEK3AACtyVFJOO10g=
-21,-23,lfSTW0KHjZFEb94FjmIT+jnUcbM=,K4X2BGgPC7cYgUehO4r6wde4UZY=
-21,-24,lfSTW0KHjZFEb94FjmIT+jnUcbM=,xsDmjFZfHl8xwzyQ3eBYfNq96I0=
-21,-17,lfSTW0KHjZFEb94FjmIT+jnUcbM=,XwC7bY/HbELKsZ9OWbcQgmwJfWg=
-21,-18,lfSTW0KHjZFEb94FjmIT+jnUcbM=,qV2TLqO8JyPNlCnOsLy6PgTZGRE=
-21,-19,lfSTW0KHjZFEb94FjmIT+jnUcbM=,98rbxXXvLEllXisX2ynZIA+kpN8=
-21,-20,lfSTW0KHjZFEb94FjmIT+jnUcbM=,3V1S+5jURULJ/mByVB1O5NQj54Y=
-21,-29,lfSTW0KHjZFEb94FjmIT+jnUcbM=,j9T6RqLJIUIML2ers8K9m3CDt90=
-21,-30,lfSTW0KHjZFEb94FjmIT+jnUcbM=,sAgYDovw8EDSleGTBnJc5odbpgk=
-21,-31,lfSTW0KHjZFEb94FjmIT+jnUcbM=,BURYdc5fxv3Vy89M5sKm0fZ/ExY=
-21,-32,lfSTW0KHjZFEb94FjmIT+jnUcbM=,lfam40kSa1MiWbKfvFQdWY1t+k8=
-21,-25,lfSTW0KHjZFEb94FjmIT+jnUcbM=,S/GxCZrgR/rTaXh9H9nEkJEeaIo=
-21,-26,lfSTW0KHjZFEb94FjmIT+jnUcbM=,0zaHmYfWC9a4VTEnNDtx4M8LE5M=
-21,-27,lfSTW0KHjZFEb94FjmIT+jnUcbM=,0PTKwXQTB/OnP1DKsI7tdBfSXgM=
-21,-28,lfSTW0KHjZFEb94FjmIT+jnUcbM=,tGdVSM8MSZRkgqJO95erEy8Bor8=
-21,-14,9ZCnN+xuNIU87q7LwMxIEMTnD3k=,3YyElHui7D98/sdw4WhvJeIUUsE=
-21,-15,9ZCnN+xuNIU87q7LwMxIEMTnD3k=,gbc2eJLzRRqacM1+64ao1j1j+kk=
-21,-16,9ZCnN+xuNIU87q7LwMxIEMTnD3k=,i3dZ6odlFLeSwUjrP6wGMU7tveM=
-22,-22,9ZCnN+xuNIU87q7LwMxIEMTnD3k=,+0Au+PjP8wP0B1nQQQrj8bMmog4=
-22,-21,9ZCnN+xuNIU87q7LwMxIEMTnD3k=,Lopyolr7HP070uEznn4KAXXgwxA=
-22,-24,9ZCnN+xuNIU87q7LwMxIEMTnD3k=,oYzzWBxY5amLQh6/bCKPTysSogs=
-22,-23,9ZCnN+xuNIU87q7LwMxIEMTnD3k=,phgd6PVEjpHxx+szbatdDbdYG8M=
-22,-18,9ZCnN+xuNIU87q7LwMxIEMTnD3k=,OlEo+O5LqCsteXefB2c1WwxGfc0=
-22,-17,9ZCnN+xuNIU87q7LwMxIEMTnD3k=,gYxqZ7hRoQUdvJf4N1Bpno9Ufes=
-22,-20,9ZCnN+xuNIU87q7LwMxIEMTnD3k=,bHWYf1/i/kibpxtkeFxqaAgDRW8=
-22,-19,9ZCnN+xuNIU87q7LwMxIEMTnD3k=,1uHtBF3xxatK24EX8wbFB5kOxI4=
-22,-30,9ZCnN+xuNIU87q7LwMxIEMTnD3k=,zJ+f4LfdO+SbSFiODFUPmINJvck=
-22,-29,9ZCnN+xuNIU87q7LwMxIEMTnD3k=,DYyDabI5FT5SimhRuhWBw0Sf+gY=
-22,-32,9ZCnN+xuNIU87q7LwMxIEMTnD3k=,5ecgDV0AF4p6i2ktU7Rc49wIRyY=
-22,-31,9ZCnN+xuNIU87q7LwMxIEMTnD3k=,CrSCXrRe7ccvD0oXG8hIuyrIe8Y=
-22,-26,9ZCnN+xuNIU87q7LwMxIEMTnD3k=,MsrBEefgE35hZ7oQ+G8EKCCVwj0=
-22,-25,9ZCnN+xuNIU87q7LwMxIEMTnD3k=,8YRwKZ/d2XEuvLcdLYt98ijo7IU=
-22,-28,9ZCnN+xuNIU87q7LwMxIEMTnD3k=,zb0FxlSl2NH1GOmq8X4UxGFbqVI=
-22,-27,9ZCnN+xuNIU87q7LwMxIEMTnD3k=,gK9FBap3eb0GxFfIqtXYx1olnuI=
-22,-16,9ZCnN+xuNIU87q7LwMxIEMTnD3k=,nRdHr3fwcMXfuH6S6Wvj77XY6ic=
-23,-23,9ZCnN+xuNIU87q7LwMxIEMTnD3k=,Awrzle5CWuIS0WlenEGLEgYLmIc=
-23,-24,9ZCnN+xuNIU87q7LwMxIEMTnD3k=,etgayy2r9Yb0Biqpk3gwMDcNiCk=
-23,-21,9ZCnN+xuNIU87q7LwMxIEMTnD3k=,VeMOV8rSZhpMX66VmHFFe0oBx8s=
-23,-22,9ZCnN+xuNIU87q7LwMxIEMTnD3k=,rJbHI45qnc/9CGgVSZuzkzhC/hE=
-23,-19,9ZCnN+xuNIU87q7LwMxIEMTnD3k=,8fIvjMjhASa7cgM9xxQ3r58T2sE=
-23,-20,9ZCnN+xuNIU87q7LwMxIEMTnD3k=,cYHNnDXGXP4wJ0gCXaoGOjsGIjI=
-23,-17,9ZCnN+xuNIU87q7LwMxIEMTnD3k=,j+HmtL2JZoeRRoy977JS+6PeKYw=
-23,-18,9ZCnN+xuNIU87q7LwMxIEMTnD3k=,LUWca/B+p+0IM35YQnWJSIO20xc=
-23,-31,9ZCnN+xuNIU87q7LwMxIEMTnD3k=,VccHyaOh4/b2ZR27Z8nclz1mzUE=
-23,-32,9ZCnN+xuNIU87q7LwMxIEMTnD3k=,PoNvy932htBH3CGmI9dZoayBnyo=
-23,-29,9ZCnN+xuNIU87q7LwMxIEMTnD3k=,1lq98SO1yxQhFhd7MYTmmTdrU2E=
-23,-30,9ZCnN+xuNIU87q7LwMxIEMTnD3k=,SGI3tLFcxF2/qp4ucTpbkmYQ96o=
-23,-27,9ZCnN+xuNIU87q7LwMxIEMTnD3k=,HbZ6EdXuTpjNyxmpt0/34uiovJ4=
-23,-28,9ZCnN+xuNIU87q7LwMxIEMTnD3k=,IeRJdwFL8AIf709MLoylz6Fo/yE=
-23,-25,9ZCnN+xuNIU87q7LwMxIEMTnD3k=,0Pn5TWAw0a67usNmKAtDDNarj+Q=
-23,-26,9ZCnN+xuNIU87q7LwMxIEMTnD3k=,OMsB4hq1OCXYeROMPr7jBUtmM6k=
-23,-16,9ZCnN+xuNIU87q7LwMxIEMTnD3k=,mMWOWqRoZjwPfWQjsH0meyVkqSM=
-24,-24,9ZCnN+xuNIU87q7LwMxIEMTnD3k=,SdVkmLkLBru75UUxHYLp1cbmkSM=
-24,-23,9ZCnN+xuNIU87q7LwMxIEMTnD3k=,5qYRsWa7/a2P/RU3Z8RuX+t8/tw=
-24,-22,9ZCnN+xuNIU87q7LwMxIEMTnD3k=,knWAJuU4it601D5pfyJLgxu3RJg=
-24,-21,9ZCnN+xuNIU87q7LwMxIEMTnD3k=,1e9ALiMvpNRigGGPcKzNJruYNgE=
-24,-20,9ZCnN+xuNIU87q7LwMxIEMTnD3k=,UbDZtk6IjOoZzCWKa8TzhOha1aM=
-24,-19,9ZCnN+xuNIU87q7LwMxIEMTnD3k=,SGE+bSQ58L9Ms1UMyEvnbRe7emg=
-24,-18,9ZCnN+xuNIU87q7LwMxIEMTnD3k=,XomjL1MKE9Pof85f4yg/PwD/9DA=
-24,-17,9ZCnN+xuNIU87q7LwMxIEMTnD3k=,jOV8rMHyg2P04AqMu2t4uqgnn3I=
-24,-32,9ZCnN+xuNIU87q7LwMxIEMTnD3k=,X3aqU13s9NG6AdZiKcjHVYLHReE=
-24,-31,9ZCnN+xuNIU87q7LwMxIEMTnD3k=,lUis7JrcmaId3PHkTHnZt/Wc+MI=
-24,-30,9ZCnN+xuNIU87q7LwMxIEMTnD3k=,ry3vnbqYoQpbBveffSVCXx/hgYg=
-24,-29,9ZCnN+xuNIU87q7LwMxIEMTnD3k=,Rmpnx+ubCwQ5qKCwLvnpwAdD0qk=
-24,-28,9ZCnN+xuNIU87q7LwMxIEMTnD3k=,zOmMWWDYpEKvJtoxk2MUeLFmrQY=
-24,-27,9ZCnN+xuNIU87q7LwMxIEMTnD3k=,RANbKA0jIusH4Xix0AhD/nnddFM=
-24,-26,9ZCnN+xuNIU87q7LwMxIEMTnD3k=,FKPgaFJDS1t3tKRqymsiEerOuV8=
-24,-25,9ZCnN+xuNIU87q7LwMxIEMTnD3k=,UN43l07503u/46+7j7w5upOmSZs=
-24,-16,9ZCnN+xuNIU87q7LwMxIEMTnD3k=,mMWOWqRoZjwPfWQjsH0meyVkqSM=
-25,-25,9eJgNfwSV6sj5UDeQiE6+RMOY5I=,+XT6mYDWh48AkjZOQWahXc8uV0Y=
-25,-26,9eJgNfwSV6sj5UDeQiE6+RMOY5I=,fp9tXKLsSkeqMFDyy0LA/YmkjDA=
-25,-27,9eJgNfwSV6sj5UDeQiE6+RMOY5I=,ZGKqwVeIdsshreZPSiaB7TSfSXY=
-25,-28,9eJgNfwSV6sj5UDeQiE6+RMOY5I=,sDAj63kqmwpsOV1GmLGxODbRaIA=
-25,-29,9eJgNfwSV6sj5UDeQiE6+RMOY5I=,31nhka8ctIFsWOz0G3rnv9HrHG4=
-25,-30,9eJgNfwSV6sj5UDeQiE6+RMOY5I=,Zj5AphdlIAXo67rGBfrsi2FpPLo=
-25,-31,9eJgNfwSV6sj5UDeQiE6+RMOY5I=,G+fENqSs/HKY7xlZRVdgN5bQwHc=
-25,-32,9eJgNfwSV6sj5UDeQiE6+RMOY5I=,SmKChdU/unS/GYD1VWTCx4nEKiU=
-25,-17,9eJgNfwSV6sj5UDeQiE6+RMOY5I=,bz1lkF/T4xt+k2Aeaa5gD0JI7C0=
-25,-18,9eJgNfwSV6sj5UDeQiE6+RMOY5I=,atye8ipB4aYNAX/hN5WoQBy/rp8=
-25,-19,9eJgNfwSV6sj5UDeQiE6+RMOY5I=,/zpoqh/tHelPs3Ao4VDR6e/ope4=
-25,-20,9eJgNfwSV6sj5UDeQiE6+RMOY5I=,Xbo1EOX0RLnS/osolL5hsHjIGeg=
-25,-21,9eJgNfwSV6sj5UDeQiE6+RMOY5I=,PKDt4sY7VNpsRcn/cGPKmMgSQ18=
-25,-22,9eJgNfwSV6sj5UDeQiE6+RMOY5I=,u+grQKUnIpOQh9/H35iOQayAH6I=
-25,-23,9eJgNfwSV6sj5UDeQiE6+RMOY5I=,grVsduqWjqprYnwL5E4q+iCP+F4=
-25,-24,9eJgNfwSV6sj5UDeQiE6+RMOY5I=,EyziUWYW0+NEKc5JCoscjBgGNig=
-25,-16,9eJgNfwSV6sj5UDeQiE6+RMOY5I=,oAPcmqXDJqqiMAeD8qNcpnDaSrc=
-26,-26,9eJgNfwSV6sj5UDeQiE6+RMOY5I=,JCsgWMKNwIN1vCAHMYOSGfyTM/Y=
-26,-25,9eJgNfwSV6sj5UDeQiE6+RMOY5I=,+9HTjTPEbCj4bDq0FouLxri1sfQ=
-26,-28,9eJgNfwSV6sj5UDeQiE6+RMOY5I=,xfj/Le9ZJsiVLDYSDOQ3b5RY6Tk=
-26,-27,9eJgNfwSV6sj5UDeQiE6+RMOY5I=,xUlfjC0wLDBge25XYqMB5ct+KHQ=
-26,-30,9eJgNfwSV6sj5UDeQiE6+RMOY5I=,TlmQrd4MIYsRSKi78FFfhPjd3pE=
-26,-29,9eJgNfwSV6sj5UDeQiE6+RMOY5I=,G46egkVM/IVRRBRXKAVKY2R+YVI=
-26,-32,9eJgNfwSV6sj5UDeQiE6+RMOY5I=,7CMsHBT3M+HXXWG4pPA5zbk9U8U=
-26,-31,9eJgNfwSV6sj5UDeQiE6+RMOY5I=,OXiqlnJKEA0hdfOoppAG2uzbYPs=
-26,-18,9eJgNfwSV6sj5UDeQiE6+RMOY5I=,gz7x7dISg/BAiYuskLdoVMHO9Dk=
-26,-17,9eJgNfwSV6sj5UDeQiE6+RMOY5I=,ONqlWp9DprZTOTIRYoHZB+vvpyc=
-26,-20,9eJgNfwSV6sj5UDeQiE6+RMOY5I=,Uy1FACwx5i2sBAfiuLjOi+MnAKQ=
-26,-19,9eJgNfwSV6sj5UDeQiE6+RMOY5I=,P9Hb/ecp0oWYnQ76N7YVYgf0MRg=
-26,-22,9eJgNfwSV6sj5UDeQiE6+RMOY5I=,PTPTIypBslugjY0DtyROmwonoaQ=
-26,-21,9eJgNfwSV6sj5UDeQiE6+RMOY5I=,V4wcQPE59n4OhN0aKJxvZiqn9EU=
-26,-24,9eJgNfwSV6sj5UDeQiE6+RMOY5I=,eb2XaC1eyfB2ixta2mPZ6qhGajo=
-26,-23,9eJgNfwSV6sj5UDeQiE6+RMOY5I=,OOj7wA0OEd5DN/dOArh0A1ieArc=
-26,-16,9eJgNfwSV6sj5UDeQiE6+RMOY5I=,EwTNoEk7sfEjht+n9aClcf7V4Lk=
-27,-27,9eJgNfwSV6sj5UDeQiE6+RMOY5I=,EfYy3bcnou41hPHgnPp6+chtr90=
-27,-28,9eJgNfwSV6sj5UDeQiE6+RMOY5I=,EY4jhtGTAKcg7oui4UcKbza91bA=
-27,-25,9eJgNfwSV6sj5UDeQiE6+RMOY5I=,fQCP7EMN1QZw7tOAX6yxlN7XSVI=
-27,-26,9eJgNfwSV6sj5UDeQiE6+RMOY5I=,pjdGGE6mfw/WVmZOjiz00M769HE=
-27,-31,9eJgNfwSV6sj5UDeQiE6+RMOY5I=,pRHmlAqUzeBvfzXGmAxlWGbS8S4=
-27,-32,9eJgNfwSV6sj5UDeQiE6+RMOY5I=,r1XbMakG6oGJc4kTNAWUtoAXRJw=
-27,-29,9eJgNfwSV6sj5UDeQiE6+RMOY5I=,62/kZWnzpoYmrzw58WtjCNihL0k=
-27,-30,9eJgNfwSV6sj5UDeQiE6+RMOY5I=,tCAYqPkwbBOMbyPhZl849JJ5EwM=
-27,-19,9eJgNfwSV6sj5UDeQiE6+RMOY5I=,8iTrhCn0ru+NuuNERZs9+0FeC5Q=
-27,-20,9eJgNfwSV6sj5UDeQiE6+RMOY5I=,f+tVWOQIDHTSaN7+LYXqlBOv4X0=
-27,-17,9eJgNfwSV6sj5UDeQiE6+RMOY5I=,baPkjXeddTD3ysv81a4d/GXed98=
-27,-18,9eJgNfwSV6sj5UDeQiE6+RMOY5I=,DhDYaLnbaQNrPTthHJsSTWNidz0=
-27,-23,9eJgNfwSV6sj5UDeQiE6+RMOY5I=,1KimCj+83DXK/+eoQ4es9OT8U8g=
-27,-24,9eJgNfwSV6sj5UDeQiE6+RMOY5I=,7HQrMwWuUcO0lXThSLK97LofSdU=
-27,-21,9eJgNfwSV6sj5UDeQiE6+RMOY5I=,EgR19yN3ZBSvYOJrv1DAwpZZG6c=
-27,-22,9eJgNfwSV6sj5UDeQiE6+RMOY5I=,zRWD3Nu4TvAquRH5er4EJgNzXOI=
-27,-16,9eJgNfwSV6sj5UDeQiE6+RMOY5I=,EwTNoEk7sfEjht+n9aClcf7V4Lk=
-28,-28,PLqWlD4DVcwzwkmXNq5nE09vBBc=,3CdhsjqOj9MOn8Uw4+3QOrolysI=
-28,-27,PLqWlD4DVcwzwkmXNq5nE09vBBc=,xwbqVJDmfxH5HpLvvka8nspg/Ds=
-28,-26,PLqWlD4DVcwzwkmXNq5nE09vBBc=,qyw+d3QCmGGspsh4vD/GHhmSmH4=
-28,-25,PLqWlD4DVcwzwkmXNq5nE09vBBc=,3ELH5DUnlUUXCImInMHIwhK4Jb0=
-28,-32,PLqWlD4DVcwzwkmXNq5nE09vBBc=,hsfLhmIhgcMJqKbrcK918XNR9G8=
-28,-31,PLqWlD4DVcwzwkmXNq5nE09vBBc=,o4Em7+694lAXABKNTHkRoALIXAs=
-28,-30,PLqWlD4DVcwzwkmXNq5nE09vBBc=,3xK0iwbXLDDI/hSKeXk8cGwZu40=
-28,-29,PLqWlD4DVcwzwkmXNq5nE09vBBc=,LFqQwrbBnI4ohLaUiPjut9oXQ6U=
-28,-20,PLqWlD4DVcwzwkmXNq5nE09vBBc=,Ul1iaNDqbrWsEoo1y0nnELkjc6s=
-28,-19,PLqWlD4DVcwzwkmXNq5nE09vBBc=,oUFaKLvj0uz0hQQNMM5YVM9IbXQ=
-28,-18,PLqWlD4DVcwzwkmXNq5nE09vBBc=,g7oBlSqzGqgLLq7/66fpG6clpJI=
-28,-17,PLqWlD4DVcwzwkmXNq5nE09vBBc=,mgoSed3oYUVQcNhtGpg+gyGfQe4=
-28,-24,PLqWlD4DVcwzwkmXNq5nE09vBBc=,Y2/EzAU8nUyzNL0jVFK7BVnE1mU=
-28,-23,PLqWlD4DVcwzwkmXNq5nE09vBBc=,+T+vuy/9RANK+a4RU5agagCgQIM=
-28,-22,PLqWlD4DVcwzwkmXNq5nE09vBBc=,ru2FUyPAbaUROGcUWnOigEW2YZM=
-28,-21,PLqWlD4DVcwzwkmXNq5nE09vBBc=,bi+4/8KQU51HM/XD+jHwb2igono=
-28,-16,PLqWlD4DVcwzwkmXNq5nE09vBBc=,EwTNoEk7sfEjht+n9aClcf7V4Lk=
-29,-29,PLqWlD4DVcwzwkmXNq5nE09vBBc=,aH+Hi0TYRKBPfQQKagk0cRFeqB8=
-29,-30,PLqWlD4DVcwzwkmXNq5nE09vBBc=,P9uZB3oiS2a9I9BdcmDnCQTG/rw=
-29,-31,PLqWlD4DVcwzwkmXNq5nE09vBBc=,dw+xFvQddMqksiNkJifA5iryFjo=
-29,-32,PLqWlD4DVcwzwkmXNq5nE09vBBc=,SAPaHeMDsMZCOMF7MaNZConmd+g=
-29,-25,PLqWlD4DVcwzwkmXNq5nE09vBBc=,ShcYJbJ8z8TpveC8mEtRsX0TQsU=
-29,-26,PLqWlD4DVcwzwkmXNq5nE09vBBc=,kx9Axpm/O5xE2xlokl1Ykcz8OIA=
-29,-27,PLqWlD4DVcwzwkmXNq5nE09vBBc=,zMnUPqJsSv0U4LsipKPx1gletS4=
-29,-28,PLqWlD4DVcwzwkmXNq5nE09vBBc=,JGTF06k3diug9YMNzfbPVCTbHSQ=
-29,-21,PLqWlD4DVcwzwkmXNq5nE09vBBc=,ImJCmPaCpzCmXZBg2lBb0fsSCWk=
-29,-22,PLqWlD4DVcwzwkmXNq5nE09vBBc=,bZMweOAVbHqTmdgTJE2pOezUfSo=
-29,-23,PLqWlD4DVcwzwkmXNq5nE09vBBc=,TUUjeH71Gb6ezvVYSL8lyT0Bpig=
-29,-24,PLqWlD4DVcwzwkmXNq5nE09vBBc=,/1KGc21FKVXR8Mz8Y77J8xsyzTY=
-29,-17,PLqWlD4DVcwzwkmXNq5nE09vBBc=,zp4oaZSl6S1SteQ8qLetp8Q8rI4=
-29,-18,PLqWlD4DVcwzwkmXNq5nE09vBBc=,Elyb18T8PpbltfUouXjx9Jq4xP8=
-29,-19,PLqWlD4DVcwzwkmXNq5nE09vBBc=,ytNPX8qwtxXh+pzh87fribuZxKs=
-29,-20,PLqWlD4DVcwzwkmXNq5nE09vBBc=,2rVtinxVLcXqNJvSKiaLvJPULWc=
-29,-16,PLqWlD4DVcwzwkmXNq5nE09vBBc=,r2BtccAcVfjOJesXO41iuSpYUiw=
-30,-30,PLqWlD4DVcwzwkmXNq5nE09vBBc=,LCGiWvKvPGhYwd/NNl9eKyUDGcw=
-30,-29,PLqWlD4DVcwzwkmXNq5nE09vBBc=,zF1514ULc4niBXfByPV0HQogkUQ=
-30,-32,PLqWlD4DVcwzwkmXNq5nE09vBBc=,KwfBIcfjvHVgFviTTclW6alK9tY=
-30,-31,PLqWlD4DVcwzwkmXNq5nE09vBBc=,vzbq7518Yese7RFf35RIjSwzMNw=
-30,-26,PLqWlD4DVcwzwkmXNq5nE09vBBc=,A3zRreSHdVv7/z4eoUn7Jcjeu2k=
-30,-25,PLqWlD4DVcwzwkmXNq5nE09vBBc=,q3gEy0BFRA+D/8kQgiUgCc/9O9o=
-30,-28,PLqWlD4DVcwzwkmXNq5nE09vBBc=,YZhd+cZFsamA786h6bA8REBKlmk=
-30,-27,PLqWlD4DVcwzwkmXNq5nE09vBBc=,JMzf+h6PJRDYGvsudtQVeHnXsgk=
-30,-22,PLqWlD4DVcwzwkmXNq5nE09vBBc=,P07ReyY7ms4iGwDUmUP+gAzQOCk=
-30,-21,PLqWlD4DVcwzwkmXNq5nE09vBBc=,uqx44X+eiB3letcOwqtvhRCVZtU=
-30,-24,PLqWlD4DVcwzwkmXNq5nE09vBBc=,It8mh94IupwQj7sNMKEOT7ZnWZU=
-30,-23,PLqWlD4DVcwzwkmXNq5nE09vBBc=,oNvOGJngRn5iOqk2+uDkv2U5j64=
-30,-18,PLqWlD4DVcwzwkmXNq5nE09vBBc=,/rF+rNyepG5EDQpdtWnd3VFEAJs=
-30,-17,PLqWlD4DVcwzwkmXNq5nE09vBBc=,pmqOpgNixxCmCajuKRtX8W7eERI=
-30,-20,PLqWlD4DVcwzwkmXNq5nE09vBBc=,K6bqMXkCJL4ylaCWRQIHHtt1ss8=
-30,-19,PLqWlD4DVcwzwkmXNq5nE09vBBc=,N/JRFhF7fTenQyEDydj5NTxwVTs=
-30,-16,PLqWlD4DVcwzwkmXNq5nE09vBBc=,asZCvS6P0h7505J3NHKpqSsf/3A=
-31,-31,PLqWlD4DVcwzwkmXNq5nE09vBBc=,o3YJrZOnaUeTFC6WWf2FJhaqZkI=
-31,-32,PLqWlD4DVcwzwkmXNq5nE09vBBc=,IbI8/KSqsc1RlNRszb2pziK4a9c=
-31,-29,PLqWlD4DVcwzwkmXNq5nE09vBBc=,KwhquA5wRqlsmWoIHAvOxKyvhEA=
-31,-30,PLqWlD4DVcwzwkmXNq5nE09vBBc=,g395JAF+nBudDOo8MU84RPLG6KU=
-31,-27,PLqWlD4DVcwzwkmXNq5nE09vBBc=,9/kOycWWqpE9Zqi9SNXiWt744sY=
-31,-28,PLqWlD4DVcwzwkmXNq5nE09vBBc=,Cn3WZ6SPkqivUdgSmXJtKj0mUiQ=
-31,-25,PLqWlD4DVcwzwkmXNq5nE09vBBc=,yQrs7ZkyELklKqE/ta5hCBpt+A8=
-31,-26,PLqWlD4DVcwzwkmXNq5nE09vBBc=,+KrdbWYapJ/xIfMcaKiYugk8s7U=
-31,-23,PLqWlD4DVcwzwkmXNq5nE09vBBc=,0xtQMJaU/eKvtMsFmGnODUg1c/w=
-31,-24,PLqWlD4DVcwzwkmXNq5nE09vBBc=,AtyliWKxK9nJc/LwMVP3N+Ui884=
-31,-21,PLqWlD4DVcwzwkmXNq5nE09vBBc=,zsa4KGw7deLm6au3EHM5UTdZWBk=
-31,-22,6aDvjvj8lsoiL2K310tqK1SEXCg=,DB2B+M/4A2pvhadI6A3bSGMJofc=
-31,-19,6aDvjvj8lsoiL2K310tqK1SEXCg=,eqbClb2Iw4cNthIPiWqWZOLvi7I=
-31,-20,6aDvjvj8lsoiL2K310tqK1SEXCg=,g0GwTuNqhpv5hJIymyuWmt1eVBI=
-31,-17,6aDvjvj8lsoiL2K310tqK1SEXCg=,JTrT/QTH2n10IXI/blwx4atOLf4=
-31,-18,6aDvjvj8lsoiL2K310tqK1SEXCg=,Bhh21aCucSHPrNuEcR3fHOGO10w=
-31,-16,6aDvjvj8lsoiL2K310tqK1SEXCg=,za7FLWnG6WNlDqEZDW29vQzduP0=
-32,-32,6aDvjvj8lsoiL2K310tqK1SEXCg=,VMFaF4/oMyD3Mym/rl1w50W99s4=
-32,-31,6aDvjvj8lsoiL2K310tqK1SEXCg=,PPJa5ItM764yD3dLIrAjtIex+Gs=
-32,-30,6aDvjvj8lsoiL2K310tqK1SEXCg=,DvYMMv1thmFKNpLoLLzMUCUdYCY=
-32,-29,6aDvjvj8lsoiL2K310tqK1SEXCg=,pjkueCY6UoHa6hOd2w9kX8wa9HA=
-32,-28,6aDvjvj8lsoiL2K310tqK1SEXCg=,SyWSfHFCp6EBBkeoMyWkj7LhrzI=
-32,-27,6aDvjvj8lsoiL2K310tqK1SEXCg=,+SK5zycU5mao79CnYi4Kl/TS4Cc=
-32,-26,6aDvjvj8lsoiL2K310tqK1SEXCg=,zwQTdeOUlxzN2NaKtLepbjY4B3k=
-32,-25,6aDvjvj8lsoiL2K310tqK1SEXCg=,2xqodywafiS+jD3DHRpd3ZWtAhI=
-32,-24,6aDvjvj8lsoiL2K310tqK1SEXCg=,hoorU43pkc3YKmjNKiH1WdrdKlQ=
-32,-23,6aDvjvj8lsoiL2K310tqK1SEXCg=,xTYxHsyN9MOz9AHMbD/WdwYuVrY=
-32,-22,6aDvjvj8lsoiL2K310tqK1SEXCg=,XiUP3922wCCnONMy9w57w2jjs7w=
-32,-21,6aDvjvj8lsoiL2K310tqK1SEXCg=,ygAZdffB/K5uqUTwWignDMng/ys=
-32,-20,6aDvjvj8lsoiL2K310tqK1SEXCg=,Wuoce86uvAEfp5Ixr2nuDnKCrP8=
